id,title,artist,album,thumbnail,duration,related_videos,views,is_private,is_unlisted,category,publish_date,upload_date,length_seconds,is_family_safe,available_countries
qxsQe2EAk40,City Slums (feat. DIVINE),Raja Kumari,,https://i.ytimg.com/vi/qxsQe2EAk40/sddefault.jpg?sqp=-oaymwEWCJADEOEBIAQqCghqEJQEGHgg6AJIWg&rs=AMzJL3na4rY8GhUubKs4yQv0bd5x-88DCw,3:45,[],86844848,False,,Music,2017-10-03T23:29:22-07:00,2017-10-03T23:29:22-07:00,224,,249
FEvrFe7GWwQ,Roots (feat. Raja Kumari),DIVINE,,https://i.ytimg.com/vi/FEvrFe7GWwQ/sddefault.jpg?sqp=-oaymwEWCJADEOEBIAQqCghqEJQEGHgg6AJIWg&rs=AMzJL3nmOe8LTEXB9Lq0z8-88bzOoHXncQ,2:44,[],9267272,False,,Music,2018-07-26T23:29:39-07:00,2018-07-26T23:29:39-07:00,164,,249
ZYu7LcHi84M,Mere Bhole Baba,Pardhaan,,https://i.ytimg.com/vi/ZYu7LcHi84M/sddefault.jpg?sqp=-oaymwEWCJADEOEBIAQqCghqEJQEGHgg6AJIWg&rs=AMzJL3n_1RrcT5ZbxmbXfMIgP0OF4KSA5g,3:55,[],13561347,False,,Music,2018-02-10T21:30:01-08:00,2018-02-10T21:30:01-08:00,234,,249
KgfKTfJ70zI,Don't Hold Back 2.0 by JACK & JONES FT. Ranveer Singh & Gang,JACK & JONES India,,https://i.ytimg.com/vi/KgfKTfJ70zI/sddefault.jpg?sqp=-oaymwEWCJADEOEBIAQqCghqEJQEGHgg6AJIWg&rs=AMzJL3lqlLnMNwF1dJb2RmZZOuLsQiHlrQ,3:00,[],13116755,False,,Music,2017-05-18T17:15:34-07:00,2017-05-18T17:15:34-07:00,180,,249
NU3xm6N7tzw,Kaam 25,DIVINE,,https://i.ytimg.com/vi/NU3xm6N7tzw/sddefault.jpg?sqp=-oaymwEWCJADEOEBIAQqCghqEJQEGHgg6AJIWg&rs=AMzJL3kvbiCq76UjB499GFGWPJ4Wm-m5Cg,2:42,[],96036911,False,,Music,2018-06-14T22:30:02-07:00,2018-06-14T22:30:02-07:00,161,,249
qnho3ov1VGk,Wata,MC STAN,,https://i.ytimg.com/vi/qnho3ov1VGk/sddefault.jpg?sqp=-oaymwEWCJADEOEBIAQqCghqEJQEGHgg6AJIWg&rs=AMzJL3nyzRQ8b513qzdXcJcDqDVRiXopzg,3:23,[],27633944,False,,Music,2018-08-08T01:30:02-07:00,2018-08-08T01:30:02-07:00,203,,249
lJ5w2ht7KzI,EMIWAY-KAUN HU MEIN (OFFICIAL VIDEO),Emiway Bantai,,https://i.ytimg.com/vi/lJ5w2ht7KzI/sddefault.jpg?sqp=-oaymwEWCJADEOEBIAQqCghqEJQEGHgg6AJIWg&rs=AMzJL3leKCgktMPSa3RZ_E0sGbRtwll6YA,3:36,[],9260467,False,,Music,2018-06-29T12:42:40-07:00,2018-06-29T12:42:40-07:00,215,,249
-IC7qtfhFSw,Sadak,Emiway Bantai,,https://i.ytimg.com/vi/-IC7qtfhFSw/sddefault.jpg?sqp=-oaymwEWCJADEOEBIAQqCghqEJQEGHgg6AJIWg&rs=AMzJL3lNjPc80PRQQ60fAkLjPctDkE6VRg,2:33,[],30562706,False,,Music,2017-11-12T10:30:14-08:00,2017-11-12T10:30:14-08:00,153,,249
9Wsi7YTI2nY,Jungli Sher,DIVINE,,https://i.ytimg.com/vi/9Wsi7YTI2nY/sddefault.jpg?sqp=-oaymwEWCJADEOEBIAQqCghqEJQEGHgg6AJIWg&rs=AMzJL3kLx4yzBwliZTWAm5K4P4ektcr9lA,3:23,[],26022667,False,,Music,2016-03-24T21:00:13-07:00,2016-03-24T21:00:13-07:00,202,,249
qcoLCzhLZsI,Kadak Ban,Emiway Bantai,,https://i.ytimg.com/vi/qcoLCzhLZsI/sddefault.jpg?sqp=-oaymwEWCJADEOEBIAQqCghqEJQEGHgg6AJIWg&rs=AMzJL3n8cNSVw6f1BdT6dy2hUgq5ARjoJA,3:04,[],52660496,False,,Music,2018-07-27T02:13:42-07:00,2018-07-27T02:13:42-07:00,184,,249
1eU7FoXh364,EMIWAY- OUT OF SAMPARK (OFFICIAL MUSIC VIDEO),Emiway Bantai,,https://i.ytimg.com/vi/1eU7FoXh364/sddefault.jpg?sqp=-oaymwEWCJADEOEBIAQqCghqEJQEGHgg6AJIWg&rs=AMzJL3lOQCVEfdDfEJQsm63rAFJ3ARLc1Q,5:14,[],81945518,False,,Music,2018-09-10T11:32:23-07:00,2018-09-10T11:32:23-07:00,314,,249
OqO2fu-NjnU,Mera Bhai Mera Bhai,Emiway Bantai,,https://i.ytimg.com/vi/OqO2fu-NjnU/sddefault.jpg?sqp=-oaymwEWCJADEOEBIAQqCghqEJQEGHgg6AJIWg&rs=AMzJL3lfLO2MZZSfiaBw7pJVLtkmbb_lRQ,2:03,[],55468298,False,,Music,2018-01-26T00:30:09-08:00,2018-01-26T00:30:09-08:00,123,,249
5pDXISRe2Lo,EMIWAY-(AISA KUCH SHOT NAI HAI) (400037) (FULL MUSIC VIDEO),Emiway Bantai,,https://i.ytimg.com/vi/5pDXISRe2Lo/sddefault.jpg?sqp=-oaymwEWCJADEOEBIAQqCghqEJQEGHgg6AJIWg&rs=AMzJL3lsdoTQdlx4yUzHrs_CmHOVNrfqQQ,3:19,[],19832486,False,,Music,2016-05-26T18:35:40-07:00,2016-05-26T18:35:40-07:00,198,,249
hDcOpQcqmuE,Tadak Padak,Emiway Bantai,,https://i.ytimg.com/vi/hDcOpQcqmuE/sddefault.jpg?sqp=-oaymwEWCJADEOEBIAQqCghqEJQEGHgg6AJIWg&rs=AMzJL3mhqEjZyFagKxrWW_VyKDT6zgLnnQ,3:26,[],4995096,False,,Music,2016-08-27T21:32:37-07:00,2016-08-27T21:32:37-07:00,205,,249
x5lMMUsOlw8,NAAYAK | RAGA | 4k Music Video | ARTISTTAAN | 2016,ARTISTTAAN,,https://i.ytimg.com/vi/x5lMMUsOlw8/sddefault.jpg?sqp=-oaymwEWCJADEOEBIAQqCghqEJQEGHgg6AJIWg&rs=AMzJL3leWirKt0-4m2PwEKJ56PltEAjuwQ,2:24,[],5208650,False,,Music,2016-09-10T03:23:38-07:00,2016-09-10T03:23:38-07:00,143,,249
AIKihmGXX8I,Jamnapaar,RAGA,,https://i.ytimg.com/vi/AIKihmGXX8I/sddefault.jpg?sqp=-oaymwEWCJADEOEBIAQqCghqEJQEGHgg6AJIWg&rs=AMzJL3lM5Szk23Ub9NXLFVxfUEdISeeyLg,3:26,[],8329365,False,,Music,2016-02-10T02:28:56-08:00,2016-02-10T02:28:56-08:00,205,,249
I0yZD7pSRik,SAMASYA |  RAGA | Official Music Video | 2016,ARTISTTAAN,,https://i.ytimg.com/vi/I0yZD7pSRik/sddefault.jpg?sqp=-oaymwEWCJADEOEBIAQqCghqEJQEGHgg6AJIWg&rs=AMzJL3knDjU5Rg6y0d6g7_0qJSR-zLF1VQ,1:52,[],2843145,False,,Music,2016-12-25T07:14:31-08:00,2016-12-25T07:14:31-08:00,112,,249
Ow9-fzf4Qbk,Mili Raahat,RAGA,,https://i.ytimg.com/vi/Ow9-fzf4Qbk/sddefault.jpg?sqp=-oaymwEWCJADEOEBIAQqCghqEJQEGHgg6AJIWg&rs=AMzJL3maP-Nsl3mgeRY1gglTeXnt80jsqA,2:52,[],3423260,False,,Music,2017-02-14T06:03:22-08:00,2017-02-14T06:03:22-08:00,172,,248
ZTZkwKzd7l0,Samajh mein aaya kya?,Emiway Bantai,,https://i.ytimg.com/vi/ZTZkwKzd7l0/sddefault.jpg?sqp=-oaymwEWCJADEOEBIAQqCghqEJQEGHgg6AJIWg&rs=AMzJL3mru5GzbVbfGHiiG_hC6NpW4grvzQ,4:43,[],157956723,False,,Music,2018-10-12T17:40:41-07:00,2018-10-12T17:40:41-07:00,283,,249
mkj0tK89e9I,Pubg hi khelunga | Pubg Song | EMIWAY MACHAYENGE | boht hard | Firse machayenge | TS Game Rapper,Tanuj Sanjot,,https://i.ytimg.com/vi/mkj0tK89e9I/sddefault.jpg?sqp=-oaymwEWCJADEOEBIAQqCghqEJQEGHgg6AJIWg&rs=AMzJL3k4T1Xfc6H77il-2GD5jp6kEXs6AQ,2:34,[],16010486,False,,Music,2019-02-24T04:16:23-08:00,2019-02-24T04:16:23-08:00,153,,249
OMwffU8s14E,Rap Ka Mausam,RAGA,,https://i.ytimg.com/vi/OMwffU8s14E/sddefault.jpg?sqp=-oaymwEWCJADEOEBIAQqCghqEJQEGHgg6AJIWg&rs=AMzJL3moHAnUDsfNZFnz5clxoML-PWN_8g,2:32,[],12411061,False,,Music,2019-01-24T21:29:47-08:00,2019-01-24T21:29:47-08:00,151,,248
5Xxvs_itUSk,KARMA - 1 Se 23 | Mic Check - Season 1 | Episode 7 | AK Projekts,Kalamkaar,,https://i.ytimg.com/vi/5Xxvs_itUSk/sddefault.jpg?sqp=-oaymwEWCJADEOEBIAQqCghqEJQEGHgg6AJIWg&rs=AMzJL3lTPLVVDNFl4m5pjtUIEYW1t76hJg,3:08,[],21455924,False,,Music,2019-01-01T05:30:00-08:00,2019-01-01T05:30:00-08:00,188,,249
QzGlJvHqRbw,Shot Deke Gayab,Harrlin,,https://i.ytimg.com/vi/QzGlJvHqRbw/sddefault.jpg?sqp=-oaymwEWCJADEOEBIAQqCghqEJQEGHgg6AJIWg&rs=AMzJL3nQU5yQjmgLZ9OrDG79QpNcHELFGA,3:47,[],15708569,False,,Music,2019-05-11T23:24:54-07:00,2019-05-11T23:24:54-07:00,227,,249
Ap1JfdawpVA,PAPA RAP SONG - SAEMY | TERA ABBU KA LUNGI ME | KELA MILEGA JHAMELA MILEGA,DC Christiano films,,https://i.ytimg.com/vi/Ap1JfdawpVA/sddefault.jpg?sqp=-oaymwEWCJADEOEBIAQqCghqEJQEGHgg6AJIWg&rs=AMzJL3n3HzcFkIAsCb_mbK4z5RnRzeZ7vg,3:26,[],110996051,False,,Music,2020-08-11T22:53:31-07:00,2020-08-11T22:53:31-07:00,205,,249
3beb3HXqCms,Nanchaku,MC STAN,,https://i.ytimg.com/vi/3beb3HXqCms/sddefault.jpg?sqp=-oaymwEWCJADEOEBIAQqCghqEJQEGHgg6AJIWg&rs=AMzJL3mnXXiVt7Bflt4oZMqfMhq89E3ffw,3:18,[],36797846,False,,Music,2021-07-22T11:30:12-07:00,2021-07-22T11:30:12-07:00,198,,249
7AOgclMWjG0,Don't Forgive Me (feat. DIVINE),Shah RuLe,,https://i.ytimg.com/vi/7AOgclMWjG0/sddefault.jpg?sqp=-oaymwEWCJADEOEBIAQqCghqEJQEGHgg6AJIWg&rs=AMzJL3nMtbVN269PAuRML1qMk1C_YME9qw,3:40,[],1598364,False,,Music,2021-04-29T07:30:01-07:00,2021-04-29T07:30:01-07:00,219,,249
tq0Ml-Z3kP0,Awaam (feat. Mooroo),Faris Shafi,,https://i.ytimg.com/vi/tq0Ml-Z3kP0/sddefault.jpg?sqp=-oaymwEWCJADEOEBIAQqCghqEJQEGHgg6AJIWg&rs=AMzJL3n_dqjHnePOnh77r2El7FzmAyu6VQ,6:31,[],3467800,False,,Music,2012-08-19T07:40:35-07:00,2012-08-19T07:40:35-07:00,390,,249
r5Ak4KY8-cs,Introduction,Faris Shafi,,https://i.ytimg.com/vi/r5Ak4KY8-cs/sddefault.jpg?sqp=-oaymwEWCJADEOEBIAQqCghqEJQEGHgg6AJIWg&rs=AMzJL3kKLtbHP9dNOjBEI4kMk4bueEKM-w,2:11,[],37469768,False,,Music,2021-04-03T09:52:56-07:00,2021-04-03T09:52:56-07:00,130,,249
BSJa1UytM8w,Saiyaara Title Song,Faheem Abdullah,,https://i.ytimg.com/vi/BSJa1UytM8w/sddefault.jpg?sqp=-oaymwEWCJADEOEBIAQqCghqEJQEGHgg6AJIWg&rs=AMzJL3lKMJMKEbhsO96rxI_E14odF-IlcQ,4:08,[],560851996,False,,Music,2025-06-02T22:30:10-07:00,2025-06-02T22:30:10-07:00,248,,249
8e1S7Y5KAFM,PERFECT,Guru Randhawa,,https://i.ytimg.com/vi/8e1S7Y5KAFM/sddefault.jpg?sqp=-oaymwEWCJADEOEBIAQqCghqEJQEGHgg6AJIWg&rs=AMzJL3nuNEVl8kT9B7ydlR1KpNhzct2DsQ,2:51,[],51325451,False,,Music,2025-09-17T22:30:10-07:00,2025-09-17T22:30:10-07:00,171,,249
lBvbNxiVmZA,Raanjhan,Parampara Tandon,,https://i.ytimg.com/vi/lBvbNxiVmZA/sddefault.jpg?sqp=-oaymwEWCJADEOEBIAQqCghqEJQEGHgg6AJIWg&rs=AMzJL3k0TUIXVcEeS-bKdFOnEKL_lQqCWg,4:13,[],408530749,False,,Music,2024-11-20T03:12:51-08:00,2024-11-20T03:12:51-08:00,253,,249
sUf2PtEZris,Shaky,Sanju Rathod,,https://i.ytimg.com/vi/sUf2PtEZris/sddefault.jpg?sqp=-oaymwEWCJADEOEBIAQqCghqEJQEGHgg6AJIWg&rs=AMzJL3mxNq-s7Jduxj9dtbPG0CIQsbEFIQ,3:35,[],577236617,False,,Music,2025-04-22T02:21:13-07:00,2025-04-22T02:21:13-07:00,215,,249
cUmUOb7j3dc,Dhun,Arijit Singh,,https://i.ytimg.com/vi/cUmUOb7j3dc/sddefault.jpg?sqp=-oaymwEWCJADEOEBIAQqCghqEJQEGHgg6AJIWg&rs=AMzJL3nXfUJnyxh2y3d4nSHiW_L2-gmnxQ,3:33,[],151970584,False,,Music,2025-06-30T22:30:05-07:00,2025-06-30T22:30:05-07:00,213,,249
FZLadzn5i6Q,"Uyi Amma (From ""Azaad"")",Amit Trivedi,,https://i.ytimg.com/vi/FZLadzn5i6Q/sddefault.jpg?sqp=-oaymwEWCJADEOEBIAQqCghqEJQEGHgg6AJIWg&rs=AMzJL3mIYopDMffpqHYI3pIFepgaQxtt1Q,3:15,[],461553949,False,,Music,2025-01-04T06:54:39-08:00,2025-01-04T06:54:39-08:00,194,,249
iUqPfGlg9GQ,Bas Ek Dhadak,Shreya Ghoshal,,https://i.ytimg.com/vi/iUqPfGlg9GQ/sddefault.jpg?sqp=-oaymwEWCJADEOEBIAQqCghqEJQEGHgg6AJIWg&rs=AMzJL3lS-IQqFDHMqanpT0tjNpZXaPvWTQ,4:02,[],41629488,False,,Music,2025-07-15T00:30:01-07:00,2025-07-15T00:30:01-07:00,241,,249
wLGL61iwo7k,Nachdi,Jaani,,https://i.ytimg.com/vi/wLGL61iwo7k/sddefault.jpg?sqp=-oaymwEWCJADEOEBIAQqCghqEJQEGHgg6AJIWg&rs=AMzJL3k9FJ9ZZCYZO9Vl9FEFw1jEDS8dfg,2:21,[],15733105,False,,Music,2025-07-14T02:30:08-07:00,2025-07-14T02:30:08-07:00,141,,249
KGn-erOG-Bs,Laal Pari,Yo Yo Honey Singh,,https://i.ytimg.com/vi/KGn-erOG-Bs/sddefault.jpg?sqp=-oaymwEWCJADEOEBIAQqCghqEJQEGHgg6AJIWg&rs=AMzJL3lXYrYuAgWF9PhWBvvvQyv-0P-NMA,3:05,[],454558895,False,,Music,2025-05-02T23:30:07-07:00,2025-05-02T23:30:07-07:00,185,,249
0v5eHPfy5Lk,Barbaad,Jubin Nautiyal,,https://i.ytimg.com/vi/0v5eHPfy5Lk/sddefault.jpg?sqp=-oaymwEWCJADEOEBIAQqCghqEJQEGHgg6AJIWg&rs=AMzJL3nVb5CldBktd4jqoRQ8cE04ZJin7w,3:45,[],153784669,False,,Music,2025-06-09T22:33:49-07:00,2025-06-09T22:33:49-07:00,225,,249
d6KJkavA8zk,Jaane Tu,A. R. Rahman,,https://i.ytimg.com/vi/d6KJkavA8zk/sddefault.jpg?sqp=-oaymwEWCJADEOEBIAQqCghqEJQEGHgg6AJIWg&rs=AMzJL3ntDJkoZH5LqhkTKgnitJntQxegEg,3:21,[],75125197,False,,Music,2025-01-31T00:24:45-08:00,2025-01-31T00:24:45-08:00,200,,249
ZhhBlQC_5N8,"Sahiba Lyrics - Aditya Rikhari • saahiba, aaye ghar kaahe na",Vibe Bird,,https://i.ytimg.com/vi/ZhhBlQC_5N8/sddefault.jpg?sqp=-oaymwEWCJADEOEBIAQqCghqEJQEGHgg6AJIWg&rs=AMzJL3lpQekQTRemERj_KVhbluJ49NF9TA,3:10,[],79657720,False,,Music,2025-07-05T05:55:43-07:00,2025-07-05T05:55:43-07:00,190,,249
GvXDq-P1NB8,Akhiyaan Gulaab,Mitraz,,https://i.ytimg.com/vi/GvXDq-P1NB8/sddefault.jpg?sqp=-oaymwEWCJADEOEBIAQqCghqEJQEGHgg6AJIWg&rs=AMzJL3lhAlvZFxh-uxa7mwm7Jw5qb9r3eg,2:36,[],306723923,False,,Music,2024-01-23T22:02:12-08:00,2024-01-23T22:02:12-08:00,155,,249
NW6Dgax2d6I,Sahiba,Jasleen Royal,,https://i.ytimg.com/vi/NW6Dgax2d6I/sddefault.jpg?sqp=-oaymwEWCJADEOEBIAQqCghqEJQEGHgg6AJIWg&rs=AMzJL3mjW-1AMNBJuss_LS4bS4OIFMo4uw,4:20,[],198835374,False,,Music,2024-11-14T22:30:58-08:00,2024-11-14T22:30:58-08:00,260,,247
roz9sXFkTuE,Aaj Ki Raat,Madhubanti Bagchi,,https://i.ytimg.com/vi/roz9sXFkTuE/sddefault.jpg?sqp=-oaymwEWCJADEOEBIAQqCghqEJQEGHgg6AJIWg&rs=AMzJL3kb_wGMIIRuJMRW8O28NuDlyYCJ_Q,3:03,[],983690616,False,,Music,2024-07-24T04:33:17-07:00,2024-07-24T04:33:17-07:00,182,,249
U3vONIizYG8,Besos (feat. Karl Wine),Shreya Ghoshal,,https://i.ytimg.com/vi/U3vONIizYG8/sddefault.jpg?sqp=-oaymwEWCJADEOEBIAQqCghqEJQEGHgg6AJIWg&rs=AMzJL3lwMNdQSjRi1HoYEj9w7gyDz6tU7Q,3:13,[],172157531,False,,Music,2025-05-07T22:48:51-07:00,2025-05-07T22:48:51-07:00,193,,249
zVXDtS416Ns,Rahein Na Rahein Hum,Soumyadeep Sarkar,,https://i.ytimg.com/vi/zVXDtS416Ns/sddefault.jpg?sqp=-oaymwEWCJADEOEBIAQqCghqEJQEGHgg6AJIWg&rs=AMzJL3n9Gink4IF59K3Mh4WDY4beq0rnGQ,3:04,[],22591239,False,,Music,2025-10-10T01:23:29-07:00,2025-10-10T01:23:29-07:00,184,,247
ZZ86YrRjIOs,Teri Ramjhol Bole Gi (feat. Aarohi Raghav & Kay D),Sheenam Katholic,,https://i.ytimg.com/vi/ZZ86YrRjIOs/sddefault.jpg?sqp=-oaymwEWCJADEOEBIAQqCghqEJQEGHgg6AJIWg&rs=AMzJL3l-XVBw8oEF8LAZh9SYFGdCajqPaw,2:29,[],408591281,False,,Music,2024-12-11T21:30:08-08:00,2024-12-11T21:30:08-08:00,148,,249
KNXYonYD59w,"ANIMAL: HUA MAIN (Lyrical Video) | Ranbir Kapoor,Rashmika M | Sandeep V | Raghav,Manoj M | Bhushan K",Raghav Chaitanya,,https://i.ytimg.com/vi/KNXYonYD59w/sddefault.jpg?sqp=-oaymwEWCJADEOEBIAQqCghqEJQEGHgg6AJIWg&rs=AMzJL3kMUHKmDTQajOS_o42XPNdgX7cW9A,4:58,[],40821328,False,,Music,2023-11-20T21:30:07-08:00,2023-11-20T21:30:07-08:00,297,,249
usVq_4K_m_w,Panwadi,Khesari Lal Yadav,,https://i.ytimg.com/vi/usVq_4K_m_w/sddefault.jpg?sqp=-oaymwEWCJADEOEBIAQqCghqEJQEGHgg6AJIWg&rs=AMzJL3mHCqXIW9HSwi2mIRNQPvfp2vr3Cg,3:42,[],43012818,False,,Music,2025-09-10T02:15:19-07:00,2025-09-10T02:15:19-07:00,222,,249
pkLGczIXR1A,Dilbar Ki Aankhon Ka,Rashmeet Kaur,,https://i.ytimg.com/vi/pkLGczIXR1A/sddefault.jpg?sqp=-oaymwEWCJADEOEBIAQqCghqEJQEGHgg6AJIWg&rs=AMzJL3l_btpOu3mMiwmghxIPQfcseuX0vA,2:23,[],61920280,False,,Music,2025-10-07T01:14:39-07:00,2025-10-07T01:14:39-07:00,142,,249
jADTdg-o8i0,Hass Hass,Diljit Dosanjh,,https://i.ytimg.com/vi/jADTdg-o8i0/sddefault.jpg?sqp=-oaymwEWCJADEOEBIAQqCghqEJQEGHgg6AJIWg&rs=AMzJL3lORIWpJ2mrWR17IyS-UspzG6qwjw,2:33,[],307658389,False,,Music,2023-10-26T08:58:08-07:00,2023-10-26T08:58:08-07:00,153,,249
AX6OrbgS8lI,Tu hai kahan,AUR,,https://i.ytimg.com/vi/AX6OrbgS8lI/sddefault.jpg?sqp=-oaymwEWCJADEOEBIAQqCghqEJQEGHgg6AJIWg&rs=AMzJL3ljaE4EWrEb9e_dUceCoMH-0-4Zog,4:24,[],383766380,False,,Music,2023-06-10T11:16:52-07:00,2023-06-10T11:16:52-07:00,263,,249
sd1XTaoYTl4,DUM DUM,Asees Kaur,,https://i.ytimg.com/vi/sd1XTaoYTl4/sddefault.jpg?sqp=-oaymwEWCJADEOEBIAQqCghqEJQEGHgg6AJIWg&rs=AMzJL3mHJiVasb9lDVhwXa163QMkZRrzng,3:46,[],35589109,False,,Music,2025-06-30T22:30:07-07:00,2025-06-30T22:30:07-07:00,225,,249
TVbI55pDdaI,"Tu Hain Toh | Mr. & Mrs. Mahi | Rajkummar Rao, Janhvi Kapoor | Hunny, Bunny, Sagar | Team Jaani",Sony Music India,,https://i.ytimg.com/vi/TVbI55pDdaI/sddefault.jpg?sqp=-oaymwEWCJADEOEBIAQqCghqEJQEGHgg6AJIWg&rs=AMzJL3nUtdyiqTJUwg0KiEpSfYqQu94jFA,3:10,[],139598583,False,,Music,2024-06-03T04:30:12-07:00,2024-06-03T04:30:12-07:00,190,,249
XcaLHWkIeSE,"""AMBER"" | Arabic Oriental Dancehall Type Beat | Turkish Reggaeton Oriental Balkan Instrumental",Music Night,,https://i.ytimg.com/vi/XcaLHWkIeSE/sddefault.jpg?sqp=-oaymwEWCJADEOEBIAQqCghqEJQEGHgg6AJIWg&rs=AMzJL3nMDlWLj_iDVyJ6LU1ES9k1nUsofg,2:19,[],629150,False,,People & Blogs,2024-11-24T07:46:08-08:00,2024-11-24T07:46:08-08:00,138,,249
H6l0q4l2NLo,Tum Mere Na Huye,Madhubanti Bagchi,,https://i.ytimg.com/vi/H6l0q4l2NLo/sddefault.jpg?sqp=-oaymwEWCJADEOEBIAQqCghqEJQEGHgg6AJIWg&rs=AMzJL3leuVXSCjFnt4hhe3o9A9L2rjVmFA,2:42,[],56969014,False,,Music,2025-09-29T00:00:08-07:00,2025-09-29T00:00:08-07:00,162,,249
r_lxE7kF0Fo,Bol Kaffara Kya Hoga,Neha Kakkar,,https://i.ytimg.com/vi/r_lxE7kF0Fo/sddefault.jpg?sqp=-oaymwEWCJADEOEBIAQqCghqEJQEGHgg6AJIWg&rs=AMzJL3mk07zmsp2IodMFHtoTGUz9qnA9Dg,3:45,[],113752708,False,,Music,2025-09-14T22:30:12-07:00,2025-09-14T22:30:12-07:00,225,,249
lwv_0SEJ4NQ,Pehle Bhi Main,Vishal Mishra,,https://i.ytimg.com/vi/lwv_0SEJ4NQ/sddefault.jpg?sqp=-oaymwEWCJADEOEBIAQqCghqEJQEGHgg6AJIWg&rs=AMzJL3mfPsjZoZaUhL23V-HJKwoEvxhDHg,4:30,[],127304502,False,,Music,2023-12-05T06:38:12-08:00,2023-12-05T06:38:12-08:00,270,,249
BOCPN4qk5qk,"Touch Kiya (From ""Jaat"") (feat. Urvashi Rautela)",Thaman S,,https://i.ytimg.com/vi/BOCPN4qk5qk/sddefault.jpg?sqp=-oaymwEWCJADEOEBIAQqCghqEJQEGHgg6AJIWg&rs=AMzJL3lNIZOIcY_syYdi95yJPKWbUH9y4g,4:15,[],30472132,False,,Music,2025-04-01T21:38:02-07:00,2025-04-01T21:38:02-07:00,254,,249
Yd8EDpIB1To,Mafia,Yo Yo Honey Singh,,https://i.ytimg.com/vi/Yd8EDpIB1To/sddefault.jpg?sqp=-oaymwEWCJADEOEBIAQqCghqEJQEGHgg6AJIWg&rs=AMzJL3kMZpXSgiGkUP96TtEpk-ttHOLw1A,4:16,[],62946640,False,,Music,2025-09-25T22:30:06-07:00,2025-09-25T22:30:06-07:00,255,,249
AQEc4BwX6dk,Zinda Banda,Anirudh Ravichander,,https://i.ytimg.com/vi/AQEc4BwX6dk/sddefault.jpg?sqp=-oaymwEWCJADEOEBIAQqCghqEJQEGHgg6AJIWg&rs=AMzJL3my1abwNMtIWWc3sJz4VXj3FLvkyw,3:46,[],113655324,False,,Music,2023-07-31T00:19:08-07:00,2023-07-31T00:19:08-07:00,226,,249
a-PAcmi5Kas,Payal,Yo Yo Honey Singh,,https://i.ytimg.com/vi/a-PAcmi5Kas/sddefault.jpg?sqp=-oaymwEWCJADEOEBIAQqCghqEJQEGHgg6AJIWg&rs=AMzJL3naltasFxbl83mCFrLoKU5QA9zZwQ,3:52,[],363617975,False,,Music,2024-11-18T05:30:06-08:00,2024-11-18T05:30:06-08:00,232,,249
CAEF7OOsEYc,Settagalla,Mika Singh,,https://i.ytimg.com/vi/CAEF7OOsEYc/sddefault.jpg?sqp=-oaymwEWCJADEOEBIAQqCghqEJQEGHgg6AJIWg&rs=AMzJL3lxSDSwlhS88_BC58DHolkAXjgoDg,3:40,[],15441045,False,,Entertainment,2025-03-28T22:49:17-07:00,2025-03-28T22:49:17-07:00,219,,249
VAdGW7QDJiU,Chaleya,Arijit Singh,,https://i.ytimg.com/vi/VAdGW7QDJiU/sddefault.jpg?sqp=-oaymwEWCJADEOEBIAQqCghqEJQEGHgg6AJIWg&rs=AMzJL3kc5C1Ympgo9jLarFgkfACG0P3Quw,3:08,[],606306573,False,,Music,2023-08-13T23:19:10-07:00,2023-08-13T23:19:10-07:00,188,,249
WsllF4THOYk,Ghafoor,Shilpa Rao,,https://i.ytimg.com/vi/WsllF4THOYk/sddefault.jpg?sqp=-oaymwEWCJADEOEBIAQqCghqEJQEGHgg6AJIWg&rs=AMzJL3nfDGCZVPy01MCkm0qrPVxl2GVnPA,3:14,[],45838590,False,,Music,2025-09-19T02:30:07-07:00,2025-09-19T02:30:07-07:00,194,,249
HrnrqYxYrbk,SATRANGA,Arijit Singh,,https://i.ytimg.com/vi/HrnrqYxYrbk/sddefault.jpg?sqp=-oaymwEWCJADEOEBIAQqCghqEJQEGHgg6AJIWg&rs=AMzJL3m7kw5Z6h_Jjp5iI67KfQHhhYM_rQ,4:33,[],332754702,False,,Music,2023-10-27T01:29:12-07:00,2023-10-27T01:29:12-07:00,272,,249
k3g_WjLCsXM,Sajni,Arijit Singh,,https://i.ytimg.com/vi/k3g_WjLCsXM/sddefault.jpg?sqp=-oaymwEWCJADEOEBIAQqCghqEJQEGHgg6AJIWg&rs=AMzJL3mNcV5w55i_KF87vODuFb_53E3hKA,2:26,[],189780010,False,,Music,2024-02-11T21:30:25-08:00,2024-02-11T21:30:25-08:00,146,,249
rMfugUZD2dA,Dekhha Tenu,Udit Narayan,,https://i.ytimg.com/vi/rMfugUZD2dA/sddefault.jpg?sqp=-oaymwEWCJADEOEBIAQqCghqEJQEGHgg6AJIWg&rs=AMzJL3mLQv1bapGPXhiLtjqPklRV4mVbpw,3:11,[],166062357,False,,Music,2024-05-15T01:10:08-07:00,2024-05-15T01:10:08-07:00,191,,249
axepn8QqxRk,"Soni Soni (From ""Ishq Vishk Rebound"")",Darshan Raval,,https://i.ytimg.com/vi/axepn8QqxRk/sddefault.jpg?sqp=-oaymwEWCJADEOEBIAQqCghqEJQEGHgg6AJIWg&rs=AMzJL3mVmzZWGwDg_kapIAPWmdlqekyaQA,3:14,[],157375661,False,,Music,2024-05-24T03:30:10-07:00,2024-05-24T03:30:10-07:00,194,,249
oO8qqBUncXI,God Bless U,Anirudh Ravichander,,https://i.ytimg.com/vi/oO8qqBUncXI/sddefault.jpg?sqp=-oaymwEWCJADEOEBIAQqCghqEJQEGHgg6AJIWg&rs=AMzJL3lNoo7s4sNepSyljCdUP6ai4DQArA,4:04,[],36035338,False,,Music,2025-03-30T00:29:07-07:00,2025-03-30T00:29:07-07:00,244,,249
3u6lLWGjFLY,Naina (feat. Badshah),Diljit Dosanjh,,https://i.ytimg.com/vi/3u6lLWGjFLY/sddefault.jpg?sqp=-oaymwEWCJADEOEBIAQqCghqEJQEGHgg6AJIWg&rs=AMzJL3kXgBaKu8j4WSHhfojQ_fNKYE2jZA,2:53,[],182282900,False,,Music,2024-03-04T22:14:14-08:00,2024-03-04T22:14:14-08:00,173,,249
Nnop2walGmM,Tum Se,Sachin-Jigar,,https://i.ytimg.com/vi/Nnop2walGmM/sddefault.jpg?sqp=-oaymwEWCJADEOEBIAQqCghqEJQEGHgg6AJIWg&rs=AMzJL3nQ0U97IR3QOQD9kM3nQym9C6FdfA,4:22,[],216373348,False,,Music,2024-02-26T04:32:57-08:00,2024-02-26T04:32:57-08:00,261,,249
7E3xekt0QFc,Tu Hai,Darshan Raval,,https://i.ytimg.com/vi/7E3xekt0QFc/sddefault.jpg?sqp=-oaymwEWCJADEOEBIAQqCghqEJQEGHgg6AJIWg&rs=AMzJL3mX88XLsfIabyQ4h6MyJjuALAgL2g,3:08,[],63276011,False,,Music,2024-04-22T01:30:04-07:00,2024-04-22T01:30:04-07:00,188,,249
m4TQ-pIg5g4,Agar Ho Tum,Jubin Nautiyal,,https://i.ytimg.com/vi/m4TQ-pIg5g4/sddefault.jpg?sqp=-oaymwEWCJADEOEBIAQqCghqEJQEGHgg6AJIWg&rs=AMzJL3leIrisjS4tDGavLLMzQomhD0LTig,3:27,[],37006756,False,,Music,2024-05-20T00:00:07-07:00,2024-05-20T00:00:07-07:00,206,,249
IJeSR-LJBnk,"Ishq (From ""Lost;Found"")",Faheem Abdullah,,https://i.ytimg.com/vi/IJeSR-LJBnk/sddefault.jpg?sqp=-oaymwEWCJADEOEBIAQqCghqEJQEGHgg6AJIWg&rs=AMzJL3lRvt92hOvftfgfnVrf9FxkCWFkHg,7:50,[],89213461,False,,Entertainment,2024-04-11T10:30:07-07:00,2024-04-11T10:30:07-07:00,470,,249
QXJyMpxd210,Ve Kamleya - Lofi Mix,Arijit Singh,,https://i.ytimg.com/vi/QXJyMpxd210/sddefault.jpg?sqp=-oaymwEWCJADEOEBIAQqCghqEJQEGHgg6AJIWg&rs=AMzJL3kYirDDcfMFkqswoRImgyJBfXr75Q,3:10,[],283600157,False,,Music,2023-07-18T05:15:09-07:00,2023-07-18T05:15:09-07:00,190,,249
wXPGViPjZBA,Tu Kya Jaane,A. R. Rahman,,https://i.ytimg.com/vi/wXPGViPjZBA/hqdefault.jpg?sqp=-oaymwEWCMACELQBIAQqCghQEJADGFogjgJIWg&rs=AMzJL3l_ROYTl-AUAtKSxDTOfEGp7_jgdw,2:34,[],20885076,False,,Music,2024-04-02T23:30:08-07:00,2024-04-02T23:30:08-07:00,153,,249
XLqmL9cPN1E,Teri Baaton Mein Aisa Uljha Jiya Title Song,Raghav,,https://i.ytimg.com/vi/XLqmL9cPN1E/sddefault.jpg?sqp=-oaymwEWCJADEOEBIAQqCghqEJQEGHgg6AJIWg&rs=AMzJL3nOvZOC6FFswcv_I7pdamldZm-ynA,2:32,[],561390658,False,,Music,2024-01-29T00:47:42-08:00,2024-01-29T00:47:42-08:00,152,,249
Zlqf9cuaOBw,O Maahi,Arijit Singh,,https://i.ytimg.com/vi/Zlqf9cuaOBw/sddefault.jpg?sqp=-oaymwEWCJADEOEBIAQqCghqEJQEGHgg6AJIWg&rs=AMzJL3nXJ_KWEBhdI3G_6c2gRxVpP4dsOw,4:16,[],212628299,False,,Music,2023-12-11T03:50:10-08:00,2023-12-11T03:50:10-08:00,256,,249
OzI9M74IfR0,Yimmy Yimmy,Tayc,,https://i.ytimg.com/vi/OzI9M74IfR0/sddefault.jpg?sqp=-oaymwEWCJADEOEBIAQqCghqEJQEGHgg6AJIWg&rs=AMzJL3lcpyE8IS_h8iAJ-CrmFtzUrh7iZg,3:36,[],270849082,False,,Music,2024-03-07T21:30:07-08:00,2024-03-07T21:30:07-08:00,216,,249
87JIOAX3njM,What Jhumka?,Arijit Singh,,https://i.ytimg.com/vi/87JIOAX3njM/sddefault.jpg?sqp=-oaymwEWCJADEOEBIAQqCghqEJQEGHgg6AJIWg&rs=AMzJL3lPMvEd_JMLecRalj_lE2xey0IzSQ,2:32,[],334306741,False,,Music,2023-07-11T23:30:11-07:00,2023-07-11T23:30:11-07:00,152,,249
wa--U0DVyRU,Saanware,Akhil Sachdeva,,https://i.ytimg.com/vi/wa--U0DVyRU/sddefault.jpg?sqp=-oaymwEWCJADEOEBIAQqCghqEJQEGHgg6AJIWg&rs=AMzJL3l2NYW0LKkUu67tSTDkQIGNAdL8uw,3:29,[],82516617,False,,Music,2024-02-11T21:28:10-08:00,2024-02-11T21:28:10-08:00,209,,249
YzfbpPQLmtE,Sadqay,NAYEL,,https://i.ytimg.com/vi/YzfbpPQLmtE/sddefault.jpg?sqp=-oaymwEWCJADEOEBIAQqCghqEJQEGHgg6AJIWg&rs=AMzJL3mcmbjXAv_flwwQxh2e4xHw2Y770Q,3:25,[],52963844,False,,Music,2024-02-02T06:00:09-08:00,2024-02-02T06:00:09-08:00,205,,249
YsCeMprm2O0,Dil Se Dil Tak (Jhankar Beat)[Remix By Moodyboy],Laqshay Kapoor,,https://i.ytimg.com/vi/YsCeMprm2O0/sddefault.jpg?sqp=-oaymwEWCJADEOEBIAQqCghqEJQEGHgg6AJIWg&rs=AMzJL3mQ_u9QtZBxbzMTXHcAagUXbSy3YA,4:45,[],63679357,False,,Music,2023-07-29T02:30:08-07:00,2023-07-29T02:30:08-07:00,284,,249
GsFLMQ1u9QQ,Dil Haareya - LoFi Edit,Arijit Singh,,https://i.ytimg.com/vi/GsFLMQ1u9QQ/sddefault.jpg?sqp=-oaymwEWCJADEOEBIAQqCghqEJQEGHgg6AJIWg&rs=AMzJL3lzJydednK3VNoB52V7bRG71j-Vyg,5:09,[],15098365,False,,Entertainment,2023-12-07T18:30:03-08:00,2023-12-07T18:30:03-08:00,308,,249
gzmXpwF_MK4,Manjha,Vishal Mishra,,https://i.ytimg.com/vi/gzmXpwF_MK4/sddefault.jpg?sqp=-oaymwEWCJADEOEBIAQqCghqEJQEGHgg6AJIWg&rs=AMzJL3lUbmERmidARiSvv-hvv3mjuQKueA,3:57,[],100896903,False,,Music,2020-03-16T04:29:28-07:00,2020-03-16T04:29:28-07:00,237,,249
BsqrmY91nUQ,"Dil Jhoom - Vishal Mishra (From ""Gadar 2"")",Arijit Singh,,https://i.ytimg.com/vi/BsqrmY91nUQ/sddefault.jpg?sqp=-oaymwEWCJADEOEBIAQqCghqEJQEGHgg6AJIWg&rs=AMzJL3l9I30YLWiFD8SkfnSdmVqSRLZMaw,5:21,[],177075890,False,,Music,2023-08-12T04:02:25-07:00,2023-08-12T04:02:25-07:00,321,,249
6DfaBq2rVoE,Saari Duniya Jalaa Denge (extended film version),B Praak,,https://i.ytimg.com/vi/6DfaBq2rVoE/sddefault.jpg?sqp=-oaymwEWCJADEOEBIAQqCghqEJQEGHgg6AJIWg&rs=AMzJL3l7QQHdWjrbTclPl0uFUy87MuQwMA,5:46,[],171205937,False,,Music,2024-01-15T05:30:08-08:00,2024-01-15T05:30:08-08:00,346,,249
5QPSbe5GVmc,"Freestyle Beat - ""LEGACY"" | Free Type Beat 2024 | Rap Trap Beat Instrumental",Metti Beatz,,https://i.ytimg.com/vi/5QPSbe5GVmc/sddefault.jpg?sqp=-oaymwEWCJADEOEBIAQqCghqEJQEGHgg6AJIWg&rs=AMzJL3mZA8fAke6atO0CfKnKEaZ-eHHc6Q,2:25,[],912143,False,,Music,2024-10-24T14:42:30-07:00,2024-10-24T14:42:30-07:00,144,,249
co4EBYZZhg4,Choli Ke Peeche,Diljit Dosanjh,,https://i.ytimg.com/vi/co4EBYZZhg4/sddefault.jpg?sqp=-oaymwEWCJADEOEBIAQqCghqEJQEGHgg6AJIWg&rs=AMzJL3m5G6RtW-u0NUbIo_vqwvVLXglA9A,2:05,[],168274717,False,,Music,2024-03-20T05:45:20-07:00,2024-03-20T05:45:20-07:00,125,,249
06CSmeYOg4k,Ishq Mitaye,Mohit Chauhan,,https://i.ytimg.com/vi/06CSmeYOg4k/sddefault.jpg?sqp=-oaymwEWCJADEOEBIAQqCghqEJQEGHgg6AJIWg&rs=AMzJL3k4zugTw7u5VpIyIQGnAFKtVYi7tQ,2:46,[],24662659,False,,Music,2024-02-29T01:15:10-08:00,2024-02-29T01:15:10-08:00,166,,249
UbMgcdmYC70,Malang Sajna,Sachet Tandon,,https://i.ytimg.com/vi/UbMgcdmYC70/sddefault.jpg?sqp=-oaymwEWCJADEOEBIAQqCghqEJQEGHgg6AJIWg&rs=AMzJL3nUA5pyiTNtda95wNARcxXvaj-FWQ,2:38,[],297498188,False,,Music,2022-12-18T21:30:07-08:00,2022-12-18T21:30:07-08:00,157,,249
HZsRjrYW-lk,Pyaar Hota Kayi Baar Hai (Jhankar Beat)[Remix By Moodyboy],Charan,,https://i.ytimg.com/vi/HZsRjrYW-lk/sddefault.jpg?sqp=-oaymwEWCJADEOEBIAQqCghqEJQEGHgg6AJIWg&rs=AMzJL3nXOaHEL3pSiwQHDPdXgSMu-x5waw,3:03,[],135320997,False,,Music,2023-02-09T22:30:09-08:00,2023-02-09T22:30:09-08:00,183,,249
H1YR5rsScC8,"Janiye | Music Video | Chor Nikal Ke Bhaga | Vishal Mishra, Rashmeet Kaur| Netflix India",Vishal Mishra,,https://i.ytimg.com/vi/H1YR5rsScC8/sddefault.jpg?sqp=-oaymwEWCJADEOEBIAQqCghqEJQEGHgg6AJIWg&rs=AMzJL3mYxzMhRxyBIYIAxGTg8fOcluH0Tw,3:34,[],235172599,False,,Entertainment,2023-03-16T22:35:20-07:00,2023-03-16T22:35:20-07:00,213,,249
g5WZLO8BAC8,"Tere Vaaste | Full Video | Zara Hatke Zara Bachke | Vicky, Sara, Varun J, Sachin-Jigar, Amitabh B",Varun Jain,,https://i.ytimg.com/vi/g5WZLO8BAC8/sddefault.jpg?sqp=-oaymwEWCJADEOEBIAQqCghqEJQEGHgg6AJIWg&rs=AMzJL3nll0iA1zY6zKykHbMYUtxM1fCdFQ,3:23,[],205573082,False,,Music,2023-07-14T01:00:27-07:00,2023-07-14T01:00:27-07:00,203,,249
taRBVfDRukY,Tum Kya Mile,Arijit Singh,,https://i.ytimg.com/vi/taRBVfDRukY/sddefault.jpg?sqp=-oaymwEWCJADEOEBIAQqCghqEJQEGHgg6AJIWg&rs=AMzJL3neEhxpqkWGfDhi15hjCiac7YzyNA,3:22,[],141098665,False,,Music,2023-06-27T23:30:08-07:00,2023-06-27T23:30:08-07:00,201,,249
zBlklssMFEo,Tere Pyaar Mein,Arijit Singh,,https://i.ytimg.com/vi/zBlklssMFEo/sddefault.jpg?sqp=-oaymwEWCJADEOEBIAQqCghqEJQEGHgg6AJIWg&rs=AMzJL3mPnRP0KJufTaSML0ZDJM9jxEwTxA,2:58,[],129883340,False,,Music,2023-02-01T01:43:14-08:00,2023-02-01T01:43:14-08:00,178,,249
8sLS2knUa6Y,Phir Aur Kya Chahiye,Arijit Singh,,https://i.ytimg.com/vi/8sLS2knUa6Y/sddefault.jpg?sqp=-oaymwEWCJADEOEBIAQqCghqEJQEGHgg6AJIWg&rs=AMzJL3lvl5CnoAt6kYq0oX5mUp1s58u5FA,3:36,[],278852322,False,,Music,2023-05-16T06:05:10-07:00,2023-05-16T06:05:10-07:00,215,,249
EpdsVO9pt9g,Tumhe Kitna Pyaar Karte (Jhankar Beat)[Remix By Moodyboy],Mithoon,,https://i.ytimg.com/vi/EpdsVO9pt9g/sddefault.jpg?sqp=-oaymwEWCJADEOEBIAQqCghqEJQEGHgg6AJIWg&rs=AMzJL3myPr40LVW6t6-pSd5R5SLSqgRHIw,5:14,[],26218896,False,,Music,2023-07-28T07:30:04-07:00,2023-07-28T07:30:04-07:00,314,,249
xRb8hxwN5zc,Agar Tum Saath Ho,Alka Yagnik,,https://i.ytimg.com/vi/xRb8hxwN5zc/sddefault.jpg?sqp=-oaymwEWCJADEOEBIAQqCghqEJQEGHgg6AJIWg&rs=AMzJL3mTxkIX-rGfWMKmhIKHCZgFJpO68A,3:12,[],157295281,False,,Music,2015-12-09T01:22:59-08:00,2015-12-09T01:22:59-08:00,191,,249
zqGW6x_5N0k,Arjan Vailly,Bhupinder Babbal,,https://i.ytimg.com/vi/zqGW6x_5N0k/sddefault.jpg?sqp=-oaymwEWCJADEOEBIAQqCghqEJQEGHgg6AJIWg&rs=AMzJL3lsPaTXG9FRoKk5EljaNq8j8pDscA,3:00,[],297339505,False,,Music,2023-11-18T00:30:11-08:00,2023-11-18T00:30:11-08:00,180,,249
RLzC55ai0eo,Heeriye (Official Video) Jasleen Royal ft Arijit Singh| Dulquer Salmaan| Aditya Sharma |Taani Tanvir (feat. Arijit Singh),Jasleen Royal,,https://i.ytimg.com/vi/RLzC55ai0eo/sddefault.jpg?sqp=-oaymwEWCJADEOEBIAQqCghqEJQEGHgg6AJIWg&rs=AMzJL3nsP3U5J0edQYkYe2pTvNavBOmENA,3:19,[],459394925,False,,Music,2023-07-25T00:41:09-07:00,2023-07-25T00:41:09-07:00,199,,247
lzEop75AeOk,Naiyo Lagda,Kamaal Khan,,https://i.ytimg.com/vi/lzEop75AeOk/sddefault.jpg?sqp=-oaymwEWCJADEOEBIAQqCghqEJQEGHgg6AJIWg&rs=AMzJL3mKbBGkj92hsuuV3e_8F7ExExiTnQ,3:56,[],254777627,False,,Music,2023-02-12T08:31:20-08:00,2023-02-12T08:31:20-08:00,235,,249
ULcyLYD3o_M,Maan Meri Jaan (Afterlife),King,,https://i.ytimg.com/vi/ULcyLYD3o_M/sddefault.jpg?sqp=-oaymwEWCJADEOEBIAQqCghqEJQEGHgg6AJIWg&rs=AMzJL3mffmdCFJjAy3ZRModRFle0DEYHSA,3:05,[],85286298,False,,Music,2023-04-20T07:33:56-07:00,2023-04-20T07:33:56-07:00,185,,249
n0IT7_n4n_U,"O Bedardeya (Lyrical) Tu Jhoothi Main Makkaar | Ranbir, Shraddha | Pritam | Arijit Singh | Amitabh B",Arijit Singh,,https://i.ytimg.com/vi/n0IT7_n4n_U/sddefault.jpg?sqp=-oaymwEWCJADEOEBIAQqCghqEJQEGHgg6AJIWg&rs=AMzJL3lA7Qtrr5y9tN000jsy4D_VrAYqhg,5:33,[],16353139,False,,Music,2023-03-13T23:44:27-07:00,2023-03-13T23:44:27-07:00,333,,249
c20XsM9BWEM,SPAIN (Extended Version),Jassa Dhillon,,https://i.ytimg.com/vi/c20XsM9BWEM/sddefault.jpg?sqp=-oaymwEWCJADEOEBIAQqCghqEJQEGHgg6AJIWg&rs=AMzJL3nTJlwgYl0tOEageVILfBziKN9PGA,2:18,[],84141368,False,,Music,2023-02-15T21:30:15-08:00,2023-02-15T21:30:15-08:00,138,,249
szvt1vD0Uug,Naa Ready,Asal Kolaar,,https://i.ytimg.com/vi/szvt1vD0Uug/sddefault.jpg?sqp=-oaymwEWCJADEOEBIAQqCghqEJQEGHgg6AJIWg&rs=AMzJL3lUBLVt3wmtu9f1hBk6Hsxnrcn1YA,4:15,[],224933785,False,,Music,2023-06-22T06:00:04-07:00,2023-06-22T06:00:04-07:00,254,,249
vdY5SFZBgnk,Pushpa: Saami Saami,Allu Arjun,,https://i.ytimg.com/vi/vdY5SFZBgnk/sddefault.jpg?sqp=-oaymwEWCJADEOEBIAQqCghqEJQEGHgg6AJIWg&rs=AMzJL3lLUZOzZLQVEy2Rzpnyp8c8sryptw,3:14,[],750161297,False,,Music,2022-01-06T22:30:09-08:00,2022-01-06T22:30:09-08:00,193,,249
BddP6PYo2gs,Kesariya (Slowed and Reverb),Mirshad Bin Moideen,,https://i.ytimg.com/vi/BddP6PYo2gs/sddefault.jpg?sqp=-oaymwEWCJADEOEBIAQqCghqEJQEGHgg6AJIWg&rs=AMzJL3lgIv3vzSuR-mn_X4vmi_3M8klEwQ,2:53,[],599326469,False,,Music,2022-07-16T23:30:12-07:00,2022-07-16T23:30:12-07:00,172,,249
w_eEnbApH0A,Satranga,Arijit Singh,,https://i.ytimg.com/vi/w_eEnbApH0A/sddefault.jpg?sqp=-oaymwEWCJADEOEBIAQqCghqEJQEGHgg6AJIWg&rs=AMzJL3lEv3-WhS9ma4_5riWM-i0rHVPzxg,4:52,[],28239432,False,,Music,2023-11-27T21:30:13-08:00,2023-11-27T21:30:13-08:00,291,,249
xb59o_op8Z0,Yentamma,Vishal Dadlani,,https://i.ytimg.com/vi/xb59o_op8Z0/sddefault.jpg?sqp=-oaymwEWCJADEOEBIAQqCghqEJQEGHgg6AJIWg&rs=AMzJL3n_m0BzOci4VPS9dLZzmW2iZpKb7g,3:16,[],101363408,False,,Music,2023-04-03T23:30:09-07:00,2023-04-03T23:30:09-07:00,196,,249
huxhqphtDrM,Besharam Rang,"Shilpa Rao, Caralisa Monteiro, Vishal Dadlani, and Sheykhar Ravjiani",,https://i.ytimg.com/vi/huxhqphtDrM/sddefault.jpg?sqp=-oaymwEWCJADEOEBIAQqCghqEJQEGHgg6AJIWg&rs=AMzJL3lXW5uK_R8Jxr_CxBQ9vgq-u9ZKnw,3:14,[],789670752,False,,Music,2022-12-11T21:30:08-08:00,2022-12-11T21:30:08-08:00,194,,249
KUN5Uf9mObQ,Arabic Kuthu - Video Song | Beast | Thalapathy Vijay | Pooja Hegde | Sun Pictures | Nelson | Anirudh,Jonita Gandhi,,https://i.ytimg.com/vi/KUN5Uf9mObQ/sddefault.jpg?sqp=-oaymwEWCJADEOEBIAQqCghqEJQEGHgg6AJIWg&rs=AMzJL3nfGe9HEK4AyaeExu2ZuXT-Re_3Ww,4:42,[],759363475,False,,Entertainment,2022-05-09T06:30:02-07:00,2022-05-09T06:30:02-07:00,281,,249
u6xkrtxYzoU,Jai Shree Ram,Vikram Montrose,,https://i.ytimg.com/vi/u6xkrtxYzoU/sddefault.jpg?sqp=-oaymwEWCJADEOEBIAQqCghqEJQEGHgg6AJIWg&rs=AMzJL3lS-_1pTfgwJqyt9nK1i0upl-6dtQ,3:21,[],41123237,False,,Music,2022-10-20T01:10:35-07:00,2022-10-20T01:10:35-07:00,201,,249
55Kc0mIyeXM,"Chola Chola (From ""Ponniyin Selvan Part - 1"") [Tamil]",Sathyaprakash,,https://i.ytimg.com/vi/55Kc0mIyeXM/sddefault.jpg?sqp=-oaymwEWCJADEOEBIAQqCghqEJQEGHgg6AJIWg&rs=AMzJL3kqkG6UybdSBE4h7L7dORn0IX2p8g,2:50,[],22917675,False,,Music,2022-10-13T21:30:10-07:00,2022-10-13T21:30:10-07:00,170,,249
q18sBAVMlMs,THAA,Varinder Brar,,https://i.ytimg.com/vi/q18sBAVMlMs/sddefault.jpg?sqp=-oaymwEWCJADEOEBIAQqCghqEJQEGHgg6AJIWg&rs=AMzJL3ls-ppTM59btoSw_xmHr2kMD31K9w,3:21,[],114645063,False,,Music,2023-03-25T00:41:10-07:00,2023-03-25T00:41:10-07:00,200,,249
IjvQeKQRfIk,Ratchasa Maamaney (Tamil),Tips Tamil,,https://i.ytimg.com/vi/IjvQeKQRfIk/sddefault.jpg?sqp=-oaymwEWCJADEOEBIAQqCghqEJQEGHgg6AJIWg&rs=AMzJL3lv7gVmZj3LvQ6oQbw7wjxztNuAeA,4:29,[],55570709,False,,Music,2022-10-20T21:30:07-07:00,2022-10-20T21:30:07-07:00,269,,249
gvyUuxdRdR4,Raataan Lambiyan (Slowed),Mirshad Bin Moideen,,https://i.ytimg.com/vi/gvyUuxdRdR4/sddefault.jpg?sqp=-oaymwEWCJADEOEBIAQqCghqEJQEGHgg6AJIWg&rs=AMzJL3lOgo_20seOhZv8qo1OL3HFGryuVg,2:32,[],929491607,False,,Music,2021-07-30T01:30:12-07:00,2021-07-30T01:30:12-07:00,151,,249
5Eqb_-j3FDA,Coke Studio | Season 14 | Pasoori | Ali Sethi x Shae Gill,Coke Studio Pakistan,,https://i.ytimg.com/vi/5Eqb_-j3FDA/sddefault.jpg?sqp=-oaymwEWCJADEOEBIAQqCghqEJQEGHgg6AJIWg&rs=AMzJL3k_sUTq2nY8XX0T5BMTaEXHE0Q4ZA,4:37,[],911624293,False,,Music,2022-02-07T04:00:05-08:00,2022-02-07T04:00:05-08:00,276,,249
IMg_UUJVpMo,Tere Pyaar Mein (Jhankar Beat)[Remix By Moodyboy],Arijit Singh,,https://i.ytimg.com/vi/IMg_UUJVpMo/sddefault.jpg?sqp=-oaymwEWCJADEOEBIAQqCghqEJQEGHgg6AJIWg&rs=AMzJL3nMAPm-OlOM2Jo2is59hL7dEPgJbQ,4:16,[],85941110,False,,Music,2023-03-23T03:30:07-07:00,2023-03-23T03:30:07-07:00,256,,249
_B6T8O15Ohk,Manike,Yohani,,https://i.ytimg.com/vi/_B6T8O15Ohk/sddefault.jpg?sqp=-oaymwEWCJADEOEBIAQqCghqEJQEGHgg6AJIWg&rs=AMzJL3n98L5MUnN1sHSBg8ggcS727WyzyA,3:01,[],281648817,False,,Music,2022-09-15T22:30:10-07:00,2022-09-15T22:30:10-07:00,181,,249
j64M3CACcr4,"Kaathuvaakula Rendu Kaadhal - Dippam Dappam Lyric| Vijay Sethupathi, Anirudh, Vignesh Shivan",Sony Music South,,https://i.ytimg.com/vi/j64M3CACcr4/sddefault.jpg?sqp=-oaymwEWCJADEOEBIAQqCghqEJQEGHgg6AJIWg&rs=AMzJL3n9TKNgQ4XN6z6OIz7WC-mZZ4Q3SQ,3:26,[],136743443,False,,Music,2022-04-20T06:50:04-07:00,2022-04-20T06:50:04-07:00,206,,249
J1rOfVst-EQ,Bhool Bhulaiyaa 2 Title Track,Mellow D,,https://i.ytimg.com/vi/J1rOfVst-EQ/sddefault.jpg?sqp=-oaymwEWCJADEOEBIAQqCghqEJQEGHgg6AJIWg&rs=AMzJL3lKfi4SjOC-anF_KdjF80MmHr3Kiw,3:36,[],343396958,False,,Music,2022-05-01T22:30:27-07:00,2022-05-01T22:30:27-07:00,216,,249
WSH3vFydghs,Lafda (feat. KD),R Nait,,https://i.ytimg.com/vi/WSH3vFydghs/sddefault.jpg?sqp=-oaymwEWCJADEOEBIAQqCghqEJQEGHgg6AJIWg&rs=AMzJL3mVk-Nv8o0e9GyZ-XV4VHSr9TLDHA,3:40,[],12597869,False,,Music,2022-10-19T21:30:13-07:00,2022-10-19T21:30:13-07:00,219,,249
6RrEQJNZwPQ,No Love (Audio),Shubh,,https://i.ytimg.com/vi/6RrEQJNZwPQ/sddefault.jpg?sqp=-oaymwEWCJADEOEBIAQqCghqEJQEGHgg6AJIWg&rs=AMzJL3l8Kj4D5ouw-XzP017z_qOPsBvo9w,2:51,[],261977045,False,,Music,2022-02-25T05:24:23-08:00,2022-02-25T05:24:23-08:00,171,,249
fzOPc-VtcTE,Galliyan Returns,Ankit Tiwari,,https://i.ytimg.com/vi/fzOPc-VtcTE/sddefault.jpg?sqp=-oaymwEWCJADEOEBIAQqCghqEJQEGHgg6AJIWg&rs=AMzJL3mP6n0IlNs0mYANz0W1dWeZcTlCKQ,2:45,[],100406831,False,,Music,2022-07-04T05:23:25-07:00,2022-07-04T05:23:25-07:00,164,,249
7c3-Gei5j4w,Chaand Baaliyan – Aditya A. | Trending Song | Official Video,"Feb 28, 2022",,https://i.ytimg.com/vi/7c3-Gei5j4w/sddefault.jpg?sqp=-oaymwEWCJADEOEBIAQqCghqEJQEGHgg6AJIWg&rs=AMzJL3md4HJgc9sd33jKHZGUarkFykqSoQ,2:02,[],79772617,False,,Music,2022-02-28T21:34:04-08:00,2022-02-28T21:34:04-08:00,122,,249
1OjZnGZjOA0,Pathala Pathala Video | VIKRAM | Kamal Haasan | Anirudh Ravichander | Lokesh Kanagaraj,Sony Music South,,https://i.ytimg.com/vi/1OjZnGZjOA0/sddefault.jpg?sqp=-oaymwEWCJADEOEBIAQqCghqEJQEGHgg6AJIWg&rs=AMzJL3nZZ_tBYte4cVocF17me0gfb0KQfg,2:49,[],59154735,False,,Music,2022-07-01T05:30:13-07:00,2022-07-01T05:30:13-07:00,168,,249
6xoB4ZiKKn0,The Last Ride,Sidhu Moose Wala,,https://i.ytimg.com/vi/6xoB4ZiKKn0/sddefault.jpg?sqp=-oaymwEWCJADEOEBIAQqCghqEJQEGHgg6AJIWg&rs=AMzJL3n9Z-qy5fHpZCQUpKag4KUILsRcRg,4:36,[],369643241,False,,Music,2022-05-15T05:30:13-07:00,2022-05-15T05:30:13-07:00,275,,249
A66TYFdz8YA,Tu Aake Dekhle,King,,https://i.ytimg.com/vi/A66TYFdz8YA/sddefault.jpg?sqp=-oaymwEWCJADEOEBIAQqCghqEJQEGHgg6AJIWg&rs=AMzJL3mwWW2fdcSeT37HUTlUKJcaUYqfSA,5:24,[],615330468,False,,Music,2020-09-01T10:30:11-07:00,2020-09-01T10:30:11-07:00,323,,249
9VpeTiz81gc,VIKRAM – Pathala Pathala Lyric | Kamal Haasan | Vijay Sethupathi | Lokesh Kanagaraj | Anirudh,Sony Music South,,https://i.ytimg.com/vi/9VpeTiz81gc/sddefault.jpg?sqp=-oaymwEWCJADEOEBIAQqCghqEJQEGHgg6AJIWg&rs=AMzJL3mytAqozfP2Gav7qtBO5s4Dy5QJ7g,3:33,[],119952357,False,,Music,2022-05-11T07:09:49-07:00,2022-05-11T07:09:49-07:00,212,,249
RLhuPD2ASKE,We Rollin,Shubh,,https://i.ytimg.com/vi/RLhuPD2ASKE/sddefault.jpg?sqp=-oaymwEWCJADEOEBIAQqCghqEJQEGHgg6AJIWg&rs=AMzJL3mQqyPEdSL2jExFqJQab56mXihI-w,3:19,[],275264374,False,,People & Blogs,2021-09-16T21:04:00-07:00,2021-09-16T21:04:00-07:00,199,,249
tpFljbJxZiw,Levels,Sidhu Moose Wala,,https://i.ytimg.com/vi/tpFljbJxZiw/sddefault.jpg?sqp=-oaymwEWCJADEOEBIAQqCghqEJQEGHgg6AJIWg&rs=AMzJL3k9V6c3_y9rCuMnh1t4lfqP16oGYw,3:52,[],248776617,False,,Music,2022-05-25T05:30:14-07:00,2022-05-25T05:30:14-07:00,231,,249
1pkcaeMRrns,Maiyya Mainu - Jersey,Parampara Tandon,,https://i.ytimg.com/vi/1pkcaeMRrns/sddefault.jpg?sqp=-oaymwEWCJADEOEBIAQqCghqEJQEGHgg6AJIWg&rs=AMzJL3neSZJA1HiV19MZED5zvXiEict1OA,3:02,[],161109219,False,,Music,2021-12-07T21:30:43-08:00,2021-12-07T21:30:43-08:00,182,,249
VEkj2sanAeU,Saiyaan Ji (feat. Neha Kakkar),Yo Yo Honey Singh,,https://i.ytimg.com/vi/VEkj2sanAeU/sddefault.jpg?sqp=-oaymwEWCJADEOEBIAQqCghqEJQEGHgg6AJIWg&rs=AMzJL3lXMlHG20boz_n77ghFESEqzWVdWg,3:40,[],629959467,False,,Music,2021-01-26T23:31:05-08:00,2021-01-26T23:31:05-08:00,219,,249
FpY6B-slnV8,Gehraiyaan Title Track,OAFF,,https://i.ytimg.com/vi/FpY6B-slnV8/sddefault.jpg?sqp=-oaymwEWCJADEOEBIAQqCghqEJQEGHgg6AJIWg&rs=AMzJL3ny-H2og_MFmSr8QFmt8JUx-iXwqA,2:33,[],40836808,False,,Music,2022-01-31T22:00:14-08:00,2022-01-31T22:00:14-08:00,153,,249
fRD_3vJagxk,Vaathi Coming,Gana Balachander,,https://i.ytimg.com/vi/fRD_3vJagxk/sddefault.jpg?sqp=-oaymwEWCJADEOEBIAQqCghqEJQEGHgg6AJIWg&rs=AMzJL3kM5d9ES-7q8a6xbzgV1bbQjJBpDg,4:17,[],563763110,False,,Music,2021-01-27T03:30:03-08:00,2021-01-27T03:30:03-08:00,256,,249
uKHlnmepnNA,Nayan,Dhvani Bhanushali,,https://i.ytimg.com/vi/uKHlnmepnNA/sddefault.jpg?sqp=-oaymwEWCJADEOEBIAQqCghqEJQEGHgg6AJIWg&rs=AMzJL3nn-oTC7u087iDsF-lLerW_JXer8w,5:59,[],439559033,False,,Music,2020-12-07T21:34:36-08:00,2020-12-07T21:34:36-08:00,359,,249
6eGCi4SVy94,Doobey,OAFF,,https://i.ytimg.com/vi/6eGCi4SVy94/sddefault.jpg?sqp=-oaymwEWCJADEOEBIAQqCghqEJQEGHgg6AJIWg&rs=AMzJL3kvyDskUd1VCItUNWNltKeYxheS6w,2:18,[],105811130,False,,Music,2022-01-23T21:00:10-08:00,2022-01-23T21:00:10-08:00,137,,249
uJ6WU-u4i3w,Mehendi Wale Haath,Sachet Parampara,,https://i.ytimg.com/vi/uJ6WU-u4i3w/sddefault.jpg?sqp=-oaymwEWCJADEOEBIAQqCghqEJQEGHgg6AJIWg&rs=AMzJL3mWcDPlEkyeTlnuy8uvp8hXPv7xhQ,3:40,[],248501341,False,,Music,2021-01-13T21:29:52-08:00,2021-01-13T21:29:52-08:00,220,,249
TCx1yMegJ4A,Naach Meri Rani,Guru Randhawa,,https://i.ytimg.com/vi/TCx1yMegJ4A/sddefault.jpg?sqp=-oaymwEWCJADEOEBIAQqCghqEJQEGHgg6AJIWg&rs=AMzJL3kAPC9RLURPvVFtA-WYTqcJJqH2Ow,3:43,[],738207795,False,,Music,2020-10-19T22:30:54-07:00,2020-10-19T22:30:54-07:00,223,,249
YPohR_9v6HA,Titliaan (feat. Sargun Mehta & Harrdy Sandhu),Avvy Sra & Afsana Khan,,https://i.ytimg.com/vi/YPohR_9v6HA/sddefault.jpg?sqp=-oaymwEWCJADEOEBIAQqCghqEJQEGHgg6AJIWg&rs=AMzJL3n-V-cGU4Eq9F6wVNpC5p8yaJfBEQ,4:21,[],1004174496,False,,Music,2020-11-09T01:30:11-08:00,2020-11-09T01:30:11-08:00,261,,249
rCoPr8UwRMc,Waalian,Harnoor,,https://i.ytimg.com/vi/rCoPr8UwRMc/sddefault.jpg?sqp=-oaymwEWCJADEOEBIAQqCghqEJQEGHgg6AJIWg&rs=AMzJL3k60xgtxu1V8t3msHfICIieIf0k5w,3:43,[],526944628,False,,Music,2020-08-10T04:38:27-07:00,2020-08-10T04:38:27-07:00,222,,249
2VOL-VWXMnQ,Don - Jalabulajangu Lyric | Sivakarthikeyan | Anirudh Ravichander | Cibi Chakaravarthi,Sony Music South,,https://i.ytimg.com/vi/2VOL-VWXMnQ/sddefault.jpg?sqp=-oaymwEWCJADEOEBIAQqCghqEJQEGHgg6AJIWg&rs=AMzJL3kAvIMmFdg5nIwSxcEdU2xKlLpbFw,3:23,[],104483784,False,,Music,2021-12-16T04:30:06-08:00,2021-12-16T04:30:06-08:00,203,,249
AZmAgoir1Tc,Feelings,Sumit Goswami,,https://i.ytimg.com/vi/AZmAgoir1Tc/sddefault.jpg?sqp=-oaymwEWCJADEOEBIAQqCghqEJQEGHgg6AJIWg&rs=AMzJL3k1HuR9ngJt-TUU4rewtiqLYVli2g,4:56,[],664914965,False,,Music,2020-07-06T22:33:07-07:00,2020-07-06T22:33:07-07:00,296,,249
EQlYzDdOLxI,Mirchi Lagi Toh,Kumar Sanu,,https://i.ytimg.com/vi/EQlYzDdOLxI/sddefault.jpg?sqp=-oaymwEWCJADEOEBIAQqCghqEJQEGHgg6AJIWg&rs=AMzJL3lrOsj7W8Cu0h-cnyFeA6aTsoshUg,3:24,[],149635718,False,,Music,2020-12-20T22:49:56-08:00,2020-12-20T22:49:56-08:00,203,,249
tLqtnGLfm4Q,"Tum Hi Aana (From ""Marjaavaan"")",Jubin Nautiyal,,https://i.ytimg.com/vi/tLqtnGLfm4Q/sddefault.jpg?sqp=-oaymwEWCJADEOEBIAQqCghqEJQEGHgg6AJIWg&rs=AMzJL3mdrUZfJTpiFpggF-8jg6lDMxynrQ,4:27,[],1192799096,False,,Music,2019-10-14T23:34:39-07:00,2019-10-14T23:34:39-07:00,267,,249
e0j_YW5QnoQ,Shaitan Ka Saala,Vishal Dadlani,,https://i.ytimg.com/vi/e0j_YW5QnoQ/sddefault.jpg?sqp=-oaymwEWCJADEOEBIAQqCghqEJQEGHgg6AJIWg&rs=AMzJL3kw50ZSw1AkxAIpXPHfI0qBZbe2qQ,2:29,[],509406716,False,,Music,2019-11-25T22:53:50-08:00,2019-11-25T22:53:50-08:00,149,,249
IPkHvVtYnOI,RINGTONE - Preetinder | Jannat Zubair & Siddharth Nigam | Rajat Nagpal | Vicky Sandhu | Anshul Garg,Desi Music Factory,,https://i.ytimg.com/vi/IPkHvVtYnOI/sddefault.jpg?sqp=-oaymwEWCJADEOEBIAQqCghqEJQEGHgg6AJIWg&rs=AMzJL3lL1NX-o1yNphBbTuSRs_0lmdE_zg,3:03,[],118364686,False,,Music,2020-05-01T03:30:48-07:00,2020-05-01T03:30:48-07:00,183,,249
KgxOZD7KZKY,Rechazame,Prince Royce,Prince Royce,https://lh3.googleusercontent.com/HED6aXn3en_jfhWbOp52l_GIpoYUNtWRqCNRVoTH83AP1c-5YngJhEdKn_koAOlwt8w0zvXthzyO70Y2CQ=w120-h120-l90-rj,3:44,[],122165520,False,,Music,2017-02-20T06:01:55-08:00,2017-02-20T06:01:55-08:00,223,,123
DYuhnVSOzwE,Eres Mía,Romeo Santos,"Fórmula, Vol. 2 (Deluxe Edition)",https://lh3.googleusercontent.com/ZXRHRlCNqD09qa58_f6l1IyS6XAU5RuqpGC1fH2bjmLPpWDXXK-4SDxW_3Ha2dhzwCDyIxlOPeW_If4=w120-h120-l90-rj,4:11,[],130342340,False,,Music,2015-11-14T09:25:01-08:00,2015-11-14T09:25:01-08:00,251,,123
lkYaRH1Gw08,Stand by Me,Prince Royce,Prince Royce,https://lh3.googleusercontent.com/HED6aXn3en_jfhWbOp52l_GIpoYUNtWRqCNRVoTH83AP1c-5YngJhEdKn_koAOlwt8w0zvXthzyO70Y2CQ=w120-h120-l90-rj,3:26,[],46693826,False,,Music,2017-02-19T10:57:51-08:00,2017-02-19T10:57:51-08:00,205,,123
jpPaQRabc7E,El Farsante,Ozuna,Odisea,https://lh3.googleusercontent.com/ux07P9XtdxQNM2Lt5v-tmitc_Ts6wi-4ajQUXyWYLym2-dVdCcyENZy3MECKwGu1tx0lRbfulxYArm5e=w120-h120-l90-rj,3:54,[],136716458,False,,Music,2017-11-16T15:47:41-08:00,2017-11-16T15:47:41-08:00,234,,123
3Kg26bnUQW0,Te Extraño (Bachata Version),Xtreme,Para hacer aseo el sábado,https://lh3.googleusercontent.com/6619f-j2qlkJHorwlFRAbg1SbsDgAhDI0YZ_-zd-WuRMA3lL1urI6CxEyUlmCgITrnU2vw3mhFQhjN9N=w120-h120-l90-rj,3:33,[],28010,False,,Music,2022-11-03T03:20:29-07:00,2022-11-03T03:20:29-07:00,213,,89
zs6aDvOTlMo,El Perdón (with Enrique Iglesias),Nicky Jam,Fénix,https://lh3.googleusercontent.com/XIh7ZQ331WBNELdsoVstD6-py5Co1Hneb_M0CSAIJ_9iuS989k1Mtocw27jcw64y_HmWdGJobFovUnSFKA=w120-h120-l90-rj,3:26,[],25108386,False,,Music,2025-02-07T16:54:28-08:00,2025-02-07T16:54:28-08:00,206,,123
yQd4xQBlBa0,Obsesion (feat. Judy Santos),Aventura,We Broke The Rules,https://lh3.googleusercontent.com/3DCU12-M6DDJO15t2z0Du9DJ_Cde00CbxiSIfqV6Mo66fTwAU9td6ol8vHmIuDsv5oaFbW3ougKwexI=w120-h120-l90-rj,4:15,[],195877034,False,,Music,2017-05-16T14:46:38-07:00,2017-05-16T14:46:38-07:00,255,,123
FUnNaTDvKSs,Felices los 4,Maluma,Fiestón Navideño,https://lh3.googleusercontent.com/eteaY1Ygd4nrJnoJHDVX9ozPWBQWqA8jgckSq6GradvzYcxnGqvyvXUh6C-zqiA0EYlnig5Yq2rsNNZ0=w120-h120-l90-rj,3:50,[],3836818,False,,Music,2024-07-18T03:00:12-07:00,2024-07-18T03:00:12-07:00,229,,122
vovzTIeYPXo,Promise (feat. Romeo Santos),Romeo Santos,Fórmula Vol. 1 (Deluxe Edition),https://lh3.googleusercontent.com/68yQTTviXQB3REK-ytzDnqhlYJvhizug8CHTG8XtCb-Nqra5KCmEsfzXAmbfBc-Nu7bN6Nxi4F75fHBy=w120-h120-l90-rj,4:13,[],78174409,False,,Music,2017-01-25T17:27:13-08:00,2017-01-25T17:27:13-08:00,252,,123
go8_NxU9azU,Aventura - Dile Al Amor (Audio),Luis Fernando Flores,,https://i.ytimg.com/vi/go8_NxU9azU/sddefault.jpg?sqp=-oaymwEWCJADEOEBIAQqCghqEJQEGHgg6AJIWg&rs=AMzJL3lvRPIqfrGeBzKChg8ZfAiLhoPrMw,3:55,[],61811333,False,,Music,2018-11-12T14:43:27-08:00,2018-11-12T14:43:27-08:00,235,,249
JffVZG8L9QQ,Propuesta Indecente,Romeo Santos,"Fórmula, Vol. 2",https://lh3.googleusercontent.com/NM7_Lc64Rwkm3lUvGzTlFqUErYL2SrbXqltduhZ8Lwwa29Dxb95cHiop_Mk2oji0n8xe2x-wGWR9P0M=w120-h120-l90-rj,3:56,[],13463998,False,,Music,2018-02-26T19:20:06-08:00,2018-02-26T19:20:06-08:00,235,,123
61j2byd5dIk,Un Beso,Aventura,God's Project,https://lh3.googleusercontent.com/ztP06LBxKjoG3mbZgMThZxY3j0bdkgv98lWbr8FiGf9OnWm8B2tsP55zQtUR4sH0d8eenmOVdu74Te1EMg=w120-h120-l90-rj,4:24,[],106678787,False,,Music,2015-12-16T22:06:43-08:00,2015-12-16T22:06:43-08:00,263,,123
B16TCZXRiXM,Botella Tras Botella,Gera MX,Botella Tras Botella,https://lh3.googleusercontent.com/lb40n6_5Ag-S80fcEecm5HszV7kK5_W3MTmLBqT8w-kQvbr71rkmEjGGUHTMciAgWGOgGe5Ynta6Jpk=w120-h120-l90-rj,3:18,[],235959241,False,,Music,2021-04-22T22:20:59-07:00,2021-04-22T22:20:59-07:00,197,,123
LKf8GodiVtU,Hasta el Amanecer,Nicky Jam,Fénix,https://lh3.googleusercontent.com/XIh7ZQ331WBNELdsoVstD6-py5Co1Hneb_M0CSAIJ_9iuS989k1Mtocw27jcw64y_HmWdGJobFovUnSFKA=w120-h120-l90-rj,3:19,[],35094463,False,,Music,2025-02-07T16:54:28-08:00,2025-02-07T16:54:28-08:00,199,,123
7Eo7d5_5ktI,Calma (Remix),Pedro Capó,Gangalee,https://lh3.googleusercontent.com/PYFqXQoGzgKyeX2TGOt2XVXrX2s9VHU4xz2PSxh64xdrNXwCi65fs2QCNNt5W0t6EJr4Sl1nl1iJ4wD-=w120-h120-l90-rj,3:59,[],204551353,False,,Music,2019-04-25T21:06:59-07:00,2019-04-25T21:06:59-07:00,238,,123
4IFwAZ_Jrbo,El Amante,Nicky Jam,Fénix,https://lh3.googleusercontent.com/XIh7ZQ331WBNELdsoVstD6-py5Co1Hneb_M0CSAIJ_9iuS989k1Mtocw27jcw64y_HmWdGJobFovUnSFKA=w120-h120-l90-rj,3:40,[],41835465,False,,Music,2025-02-07T16:54:29-08:00,2025-02-07T16:54:29-08:00,220,,123
4ns8D959YtA,Criminal,Natti Natasha,Criminal,https://lh3.googleusercontent.com/r6P1SlH3IZvkDR2RrdpkRCBygLYMFqJ-fV6JEPAcFoptbRk3SKX01SNJrSgQDwr3XWAoBk64nsn-9An8=w120-h120-l90-rj,4:34,[],101808782,False,,Music,2018-04-10T08:06:11-07:00,2018-04-10T08:06:11-07:00,273,,123
m7TDmAsgVfA,Corazón Sin Cara,Prince Royce,Prince Royce,https://lh3.googleusercontent.com/HED6aXn3en_jfhWbOp52l_GIpoYUNtWRqCNRVoTH83AP1c-5YngJhEdKn_koAOlwt8w0zvXthzyO70Y2CQ=w120-h120-l90-rj,3:32,[],175299279,False,,Music,2015-08-11T18:00:20-07:00,2015-08-11T18:00:20-07:00,211,,123
YzHQTgrdAio,Travesuras,Nicky Jam,Leones Del Reggaeton,https://lh3.googleusercontent.com/cOxJNxuwD4h0RkmT9qwMIfO1B3hbTOjgCPg2x0e6TkUBZ187ollEcpGbRKv8WbzWWCCaEOFUpiPFZMjr=w120-h120-l90-rj,3:18,[],10870571,False,,Music,2018-01-27T19:28:09-08:00,2018-01-27T19:28:09-08:00,198,,123
JbVP_aZiFSY,Se Preparó,Ozuna,Odisea,https://lh3.googleusercontent.com/ux07P9XtdxQNM2Lt5v-tmitc_Ts6wi-4ajQUXyWYLym2-dVdCcyENZy3MECKwGu1tx0lRbfulxYArm5e=w120-h120-l90-rj,3:09,[],238550531,False,,Music,2017-11-16T15:47:40-08:00,2017-11-16T15:47:40-08:00,188,,123
_Zila5rLu74,Don Omar - Pobre Diabla,Sandrewification,,https://i.ytimg.com/vi/_Zila5rLu74/sddefault.jpg?sqp=-oaymwEWCJADEOEBIAQqCghqEJQEGHgg6AJIWg&rs=AMzJL3nesguisRbfoes1XWh4qrK6XNj1mg,4:15,[],307682664,False,,Music,2011-07-29T03:37:33-07:00,2011-07-29T03:37:33-07:00,255,,249
Isy2FoDLZQg,Odio (feat. Drake),Romeo Santos,"Fórmula, Vol. 2 (Deluxe Edition)",https://lh3.googleusercontent.com/ZXRHRlCNqD09qa58_f6l1IyS6XAU5RuqpGC1fH2bjmLPpWDXXK-4SDxW_3Ha2dhzwCDyIxlOPeW_If4=w120-h120-l90-rj,3:45,[],117765769,False,,Music,2017-02-19T07:50:35-08:00,2017-02-19T07:50:35-08:00,225,,123
FXovf5dsRTw,Despacito,Luis Fonsi,Despacito,https://lh3.googleusercontent.com/1Z53Q5KyKUB8AcpnO9eCoow2iA-y_8yBIQyKW1dT2Y24Ss98JHxE4zGD2mpdRddmO8pFfyIeYUdVmQs45A=w120-h120-l90-rj,3:49,[],260785211,False,,Music,2018-07-23T08:18:16-07:00,2018-07-23T08:18:16-07:00,229,,121
qho-ZjkX8S4,Imitadora,Romeo Santos,Golden,https://lh3.googleusercontent.com/61XNFDB5_-xudbDZhN76Z_ml62s9NSBrhGdJVbHGtdD4PAjdAyQGwqS1fWyNahwJ2hhTVUVQuwq9-4HC=w120-h120-l90-rj,3:55,[],153277515,False,,Music,2017-07-20T04:30:37-07:00,2017-07-20T04:30:37-07:00,235,,123
6B76JriqgSY,Ay Vamos,J Balvin,La Familia B Sides,https://lh3.googleusercontent.com/i7h_RN_BcGIYiFQUfNB0U9ZFlxHhz5nS2e9SMiWNesKGqlgFMEZT_rEPnVFqcvM3gYa2tm93eX-KNfY=w120-h120-l90-rj,3:47,[],138316383,False,,Music,2018-07-26T13:15:25-07:00,2018-07-26T13:15:25-07:00,226,,104
79OxD7KNlYw,Vivir Mi Vida,Marc Anthony,3.0,https://lh3.googleusercontent.com/wRwHIk-1cuAAwJql_eJksVQxY7B3mrH9AiZGiRrG5VCAEr686NGyHclX-R_fA2UDgGEgO3Npcm2u20A=w120-h120-s-l90-rj,4:13,[],129790793,False,,Music,2017-02-19T21:57:41-08:00,2017-02-19T21:57:41-08:00,252,,123
w4qLnb2J_J0,Necio (feat. Carlos Santana),Romeo Santos,"Fórmula, Vol. 2 (Deluxe Edition)",https://lh3.googleusercontent.com/ZXRHRlCNqD09qa58_f6l1IyS6XAU5RuqpGC1fH2bjmLPpWDXXK-4SDxW_3Ha2dhzwCDyIxlOPeW_If4=w120-h120-l90-rj,4:25,[],173585768,False,,Music,2015-11-14T13:06:37-08:00,2015-11-14T13:06:37-08:00,264,,123
-16YcREy1Ao,Bailando (Spanish Version) (feat. Descemer Bueno & Gente De Zona),Enrique Iglesias,SEX AND LOVE (Deluxe),https://lh3.googleusercontent.com/hys3JjFfsv7qxLDXIoC4H8QegnRZsZBQIZOEuBWqCFqAGBiA86-RbZb1KCAJMRXZ0JqmqhL65iCNrh7Utw=w120-h120-l90-rj,4:04,[],459804,False,,Music,2018-07-24T09:00:43-07:00,2018-07-24T09:00:43-07:00,243,,4
KtGuUP3Dmss,Dile Que Tu Me Quieres,Ozuna,Odisea,https://lh3.googleusercontent.com/ux07P9XtdxQNM2Lt5v-tmitc_Ts6wi-4ajQUXyWYLym2-dVdCcyENZy3MECKwGu1tx0lRbfulxYArm5e=w120-h120-l90-rj,3:47,[],155459181,False,,Music,2017-11-16T15:47:40-08:00,2017-11-16T15:47:40-08:00,227,,123
2djj_KnGwjk,Gasolina,Daddy Yankee,Barrio Fino (Bonus Track Version),https://lh3.googleusercontent.com/HIGwecpHHZw6BARsFH1exWb6aSCZdCKAa0NzZkcCR47nT18i30o7-Le-qvLjlQKvckMaMNKndH9HXNc=w120-h120-l90-rj,3:13,[],47505841,False,,Music,2025-01-07T02:00:02-08:00,2025-01-07T02:00:02-08:00,193,,121
z0LqPKQYzEI,Chantaje (feat. Maluma),Shakira,El Dorado,https://lh3.googleusercontent.com/wZIE0RsqO7OUxV9JpGA93QXVeI1oe6QBl_anOGJ6hfYNVhtZQzAzsV7GIkTesW1IRZ6NkovD5xUW0DJv=w120-h120-l90-rj,3:16,[],126440119,False,,Music,2017-05-26T04:16:57-07:00,2017-05-26T04:16:57-07:00,196,,123
cvnA6lz4-zo,Tú Foto,Ozuna,Odisea,https://lh3.googleusercontent.com/ux07P9XtdxQNM2Lt5v-tmitc_Ts6wi-4ajQUXyWYLym2-dVdCcyENZy3MECKwGu1tx0lRbfulxYArm5e=w120-h120-l90-rj,3:14,[],143875174,False,,Music,2017-11-16T15:47:40-08:00,2017-11-16T15:47:40-08:00,193,,123
uFuAHzHOGYQ,Mi Gente,J. Balvin,Vibras,https://lh3.googleusercontent.com/go4837lx-jM17uwyGdk3b7ygdlRr44NiUuw-AkYt3_tS1b9PmCkz7hhW4ZNArhIfblYsrxLdXumo1jMO=w120-h120-l90-rj,3:06,[],218858996,False,,Music,2018-05-24T04:22:35-07:00,2018-05-24T04:22:35-07:00,185,,104
fHwbnAeJ6EA,"Lo Que Pasó, Pasó",Daddy Yankee,Barrio Fino (Bonus Track Version),https://lh3.googleusercontent.com/HIGwecpHHZw6BARsFH1exWb6aSCZdCKAa0NzZkcCR47nT18i30o7-Le-qvLjlQKvckMaMNKndH9HXNc=w120-h120-l90-rj,3:31,[],20414887,False,,Music,2025-01-07T02:00:41-08:00,2025-01-07T02:00:41-08:00,211,,121
jfMboau-Kzs,Jugaste y Sufrí (feat. DannyLux),Eslabon Armado,Corta Venas,https://lh3.googleusercontent.com/PN82ahF-m1Y35_zcjm-iZlLGWVjg1BgMdvhz8U5U53eg6hZBovXiG61BEu0U0kEiWDowmaoBCAK8gq8=w120-h120-l90-rj,4:36,[],183219354,False,,Music,2020-12-17T02:01:48-08:00,2020-12-17T02:01:48-08:00,275,,123
QH0zo6AcP6g,Suavemente,Elvis Crespo,Suavemente,https://lh3.googleusercontent.com/ScIMX0aE8piYXiHP1sTdDdRQsq6SubxJrS3CMBoljiRuCuHQFpB34JtzFW2J6EJqSgdE6CVdLvyso5d9=w120-h120-l90-rj,4:27,[],89238413,False,,Music,2017-01-25T08:37:53-08:00,2017-01-25T08:37:53-08:00,267,,121
8fyCX6b8WMY,Darte un Beso,Prince Royce,Soy el Mismo,https://lh3.googleusercontent.com/zzuI58O85DfH05JgsDAzXg1y2zhVz0HRFCkNaK-UcbqyUEDqoZgjty5GBf0bgEhbsQSWQmPMfqF4wJ-L=w120-h120-l90-rj,3:27,[],48974445,False,,Music,2017-01-25T08:49:51-08:00,2017-01-25T08:49:51-08:00,207,,123
g06C6_UZ-vY,No Te Veo,Jowell Y Randy,Casa De Leones,https://lh3.googleusercontent.com/Qa_XWnTHv1E5SjCwoHmSUsY9GIZxDA-6JrhuaQUcXZp-bSFm5GZLg2zs16Koe-S9-UcAZiwulj_jNwAv=w120-h120-l90-rj,4:54,[],30688117,False,,Music,2020-03-02T04:31:53-08:00,2020-03-02T04:31:53-08:00,293,,123
JtosGq7bsTA,Borro Cassette,Maluma,"Pretty Boy, Dirty Boy",https://lh3.googleusercontent.com/SJStMXdd624UiIan1T-y5NkvYR00Cbkcrp-vAqARa7fyTLr4XM37Pc5x4AIIeDjEuGVrs3qqVgJC7E1K=w120-h120-l90-rj,3:28,[],256901453,False,,Music,2017-02-19T12:13:38-08:00,2017-02-19T12:13:38-08:00,207,,123
ntvA3r4_PxI,La Mejor de Todas,Eslabon Armado,Corta Venas,https://lh3.googleusercontent.com/PN82ahF-m1Y35_zcjm-iZlLGWVjg1BgMdvhz8U5U53eg6hZBovXiG61BEu0U0kEiWDowmaoBCAK8gq8=w120-h120-l90-rj,3:29,[],19561643,False,,Music,2020-12-17T02:01:48-08:00,2020-12-17T02:01:48-08:00,208,,123
W3Ad0K11mcM,RITMO (Bad Boys For Life),Black Eyed Peas,TRANSLATION,https://lh3.googleusercontent.com/YJuu4RnDkK-yXe-BWSB4Cz8lmpy6VnOQ97hrc-xQ4LYxFIPtJguyq1q-8pyIUHk7Ka3JP7ay_qvNiCY8=w120-h120-l90-rj,3:35,[],86274147,False,,Music,2020-06-18T03:09:06-07:00,2020-06-18T03:09:06-07:00,215,,115
MhzjE9hZhrE,"Taki Taki (feat. Selena Gomez, Ozuna & Cardi B)",DJ Snake,Carte Blanche,https://lh3.googleusercontent.com/9w0F83sPH1NxG7xhtSHX42edxqFKJM61hmYt4HPJ0PRXkFrrob0t-kMB7_cXb56MUN6b2_0SKAcN2DIhWA=w120-h120-l90-rj,3:33,[],110096302,False,,Music,2019-07-25T05:01:31-07:00,2019-07-25T05:01:31-07:00,212,,120
lRaV4sK4Gp4,Loco Contigo,DJ Snake,Carte Blanche,https://lh3.googleusercontent.com/9w0F83sPH1NxG7xhtSHX42edxqFKJM61hmYt4HPJ0PRXkFrrob0t-kMB7_cXb56MUN6b2_0SKAcN2DIhWA=w120-h120-l90-rj,3:06,[],54984812,False,,Music,2019-07-25T05:00:55-07:00,2019-07-25T05:00:55-07:00,185,,120
naSfZ-Q-PpE,ME JALO,Fuerza Regida,,https://i.ytimg.com/vi/naSfZ-Q-PpE/sddefault.jpg?sqp=-oaymwEWCJADEOEBIAQqCghqEJQEGHgg6AJIWg&rs=AMzJL3koM2cvpYPNnIbFJE-T9_nGIPg-fw,3:32,[],118978394,False,,Music,2024-12-24T19:08:13-08:00,2024-12-24T19:08:13-08:00,212,,248
0mxsR00jH3Y,Rey Sin Reina,Julión Álvarez Y Su Norteño Banda,Atento Aviso ... Rey Sin Reina,https://lh3.googleusercontent.com/fLp6P2WVx8RAcj7ZQPhtdi-v1kwP3PGspWFq4a3qthPDTIi0aD5wQ9H6MJlc_v4BJlw2DU0m9BxBsY6h=w120-h120-l90-rj,2:31,[],74799171,False,,Music,2024-09-05T17:04:08-07:00,2024-09-05T17:04:08-07:00,151,,122
6EtBpwTqL6o,VITAMINA,Jombriel,VITAMINA,https://lh3.googleusercontent.com/nvbhGvidifdSQGkyLtuIENjL0mwYmLPAOExnZMyA3KMH91ai9Uq9H6zYsmTG2Me7q_MAKwHC-q1inepZ=w120-h120-l90-rj,3:29,[],89425756,False,,Music,2025-02-27T16:03:06-08:00,2025-02-27T16:03:06-08:00,209,,121
9FIkWWboTtY,No Me Quise Ir,Ivan Cornejo,Dañado,https://lh3.googleusercontent.com/MOhSNEEjLfe8Lki8qXwf_Xd10cu-GvWOnSMlplhWIp2kiqwRMdZHDAs2tqlquLVkD-vtA1kryx9qA3mr=w120-h120-l90-rj,3:31,[],16075024,False,,Music,2022-06-02T19:08:11-07:00,2022-06-02T19:08:11-07:00,210,,122
DeuL-Qz-a3I,Está Dañada,Ivan Cornejo,Alma Vacía,https://lh3.googleusercontent.com/l8kWiqQWoDsKCwfHP7sq6_cqbUjKn5PHQ9pcCAc6ONOd8nFjj_p2HzFRzwnBptVBFBDF2Hy4QO2nkh2D-A=w120-h120-l90-rj,3:35,[],103686549,False,,Music,2021-08-19T03:09:07-07:00,2021-08-19T03:09:07-07:00,214,,123
91grGUdcDWI,Valentina,Carla Morrison,Aprendiendo a Aprender,https://lh3.googleusercontent.com/dqZ9l4AB0BqZwCbY9ICYJAolgkb2etx8Bnv0S07xZA-U3woFhuGu00O4053nqLS_QHXWn1PnbdDeZ0s=w120-h120-l90-rj,1:48,[],7290795,False,,Music,2015-07-02T05:54:29-07:00,2015-07-02T05:54:29-07:00,107,,245
_XTu5vefx5Y,Azul,J Balvin,Colores,https://lh3.googleusercontent.com/hF54YKzhzLmCkloCP5Ev_cnZ9R80OHvKmmrQMAOs1cjsrqxKz7oelEqEgtTiOjJDSUZEvQLAhiNBFEw=w120-h120-l90-rj,3:26,[],114116541,False,,Music,2020-03-19T16:01:01-07:00,2020-03-19T16:01:01-07:00,206,,123
SsuSBxfJ8Bw,Solo Me Dejaste,Grupo Marca Registrada,Solo Me Dejaste,https://lh3.googleusercontent.com/l3HLTEerWp7BwAylSpJLj01-7HQ8p1vMUi4XXmr59FZN07vwdCyOiMH7tN01LZ4jRDFosrF-dm0zYiWFng=w120-h120-l90-rj,3:07,[],79116449,False,,Music,2022-07-07T21:09:01-07:00,2022-07-07T21:09:01-07:00,187,,123
SuDOaFk2_rQ,fantasmas,HUMBE,fantasmas,https://lh3.googleusercontent.com/b70Bd64ZOL8RjnJc1nDaCS1amVhMC9AR59yym0D6-9iGpE2kH3TC9sH65lQmlrgQU05o0QhW4VNaJdUIXg=w120-h120-l90-rj,4:48,[],32231817,False,,Music,2025-02-26T13:16:51-08:00,2025-02-26T13:16:51-08:00,287,,123
waeAGdCvJd8,The Great Gambler - Do Lafzon Ki Hai Dil Ki Kahani - Amitabh Bachchan - Zeenat Aman - Asha Bhosle,Shemaroo,,https://i.ytimg.com/vi/waeAGdCvJd8/sddefault.jpg?sqp=-oaymwEWCJADEOEBIAQqCghqEJQEGHgg6AJIWg&rs=AMzJL3mmoni9fAM82oO3xsdiZha-0hPHyw,4:45,[],83788351,False,,Entertainment,2010-01-28T04:31:39-08:00,2010-01-28T04:31:39-08:00,284,,249
8-HnmVg0-O8,"Tere Bina Zindagi Se Koi Shikwa To Nahin | Lata Mangeshkar, Kishore Kumar | Aandhi 1975 Songs","Sep 30, 2015",,https://i.ytimg.com/vi/8-HnmVg0-O8/sddefault.jpg?sqp=-oaymwEWCJADEOEBIAQqCghqEJQEGHgg6AJIWg&rs=AMzJL3nyfCQ-QtEvfjN0R5nvO5ktRPKm9A,7:03,[],206039791,False,,Music,2015-09-30T17:00:00-07:00,2015-09-30T17:00:00-07:00,423,,249
69pPYkGiEAQ,Kisi Ki Muskurahaton Pe Ho Nisar | Raj Kapoor | Anari | Mukesh | Evergreen Hindi Songs HD,Raj Kapoor,,https://i.ytimg.com/vi/69pPYkGiEAQ/sddefault.jpg?sqp=-oaymwEWCJADEOEBIAQqCghqEJQEGHgg6AJIWg&rs=AMzJL3mFvn7BOGP2nc6Z51SZpGxtEJ7ygA,4:09,[],212360324,False,,Music,2011-12-02T07:47:10-08:00,2011-12-02T07:47:10-08:00,248,,249
TqdNqBA44Bg,Zindagi Ke Safar Mein Guzar Jaate | Kishore Kumar | Aap Ki Kasam 1974 Songs,"Oct 13, 2015",,https://i.ytimg.com/vi/TqdNqBA44Bg/sddefault.jpg?sqp=-oaymwEWCJADEOEBIAQqCghqEJQEGHgg6AJIWg&rs=AMzJL3me0nt68f8CI0OLEyZguJdhG9Xx5g,7:17,[],148475316,False,,Music,2015-10-13T19:30:01-07:00,2015-10-13T19:30:01-07:00,437,,4
ByAbV-MKDgs,Mehbooba Mehbooba,R. D. Burman,,https://i.ytimg.com/vi/ByAbV-MKDgs/sddefault.jpg?sqp=-oaymwEWCJADEOEBIAQqCghqEJQEGHgg6AJIWg&rs=AMzJL3mj_cv2TJTOhOI3uW2Xpr8079E02A,3:52,[],138705368,False,,Music,2018-11-28T22:00:00-08:00,2018-11-28T22:00:00-08:00,231,,249
q9aMSJGAkeY,Do Raaste - Yeh Reshmi Zulfein Yeh Sharbati Aankhein - Mohd Rafi,Shemaroo,,https://i.ytimg.com/vi/q9aMSJGAkeY/sddefault.jpg?sqp=-oaymwEWCJADEOEBIAQqCghqEJQEGHgg6AJIWg&rs=AMzJL3l19ZwV2KwjA6eencM248Kn6XmELw,4:01,[],108208787,False,,Entertainment,2009-02-06T01:05:25-08:00,2009-02-06T01:05:25-08:00,241,,249
,Neele Neele Ambar Par (Male Version) Kalaakaar | Sridevi | Kunal G,Kishore Kumar,,https://i.ytimg.com/vi/nEnLt3pasxE/sddefault.jpg?sqp=-oaymwEWCJADEOEBIAQqCghqEJQEGHgg6AJIWg&rs=AMzJL3ksDAGBF0FZCtWu6czSWTvskPsAVA,3:55,[],0,,,,,,,,0
89lgb7dmXps,Tera Mujhse Hai Pehle Ka Naata Koi | Kishore Kumar | Aa Gale Lag Jaa 1973 Songs| Sharmila Tagore,"Nov 6, 2015",,https://i.ytimg.com/vi/89lgb7dmXps/sddefault.jpg?sqp=-oaymwEWCJADEOEBIAQqCghqEJQEGHgg6AJIWg&rs=AMzJL3kDpjEyOK4vXVjkPTRdqQJ6lLA-FA,4:42,[],76168238,False,,Music,2015-11-06T21:27:02-08:00,2015-11-06T21:27:02-08:00,282,,249
BOLYNw3x1lE,Chookar Mere Mann Ko Kiya Tune Kya Ishara | Kishore Kumar | Yaarana 1981 Songs| Amitabh Bachchan,Goldmines Gaane Sune Ansune,,https://i.ytimg.com/vi/BOLYNw3x1lE/sddefault.jpg?sqp=-oaymwEWCJADEOEBIAQqCghqEJQEGHgg6AJIWg&rs=AMzJL3nrv0soRMzUT9Sj__ZrNbS0XuM79A,2:35,[],48409415,False,,Music,2015-09-30T17:30:01-07:00,2015-09-30T17:30:01-07:00,155,,249
BXaqBNTl7zI,Kaalia - Jahan Teri Yeh Nazar Hai - Kishore Kumar,Shemaroo,,https://i.ytimg.com/vi/BXaqBNTl7zI/sddefault.jpg?sqp=-oaymwEWCJADEOEBIAQqCghqEJQEGHgg6AJIWg&rs=AMzJL3nAsgHaa_-dn49eumiL2msxjzLNWw,5:29,[],37494377,False,,Entertainment,2011-09-20T03:06:04-07:00,2011-09-20T03:06:04-07:00,328,,249
0AwkZihdw6E,Sara Zamana Haseeno Ka Deewana | Kishore Kumar | Yaarana 1981 Songs | Amitabh Bachchan,Goldmines Gaane Sune Ansune,,https://i.ytimg.com/vi/0AwkZihdw6E/sddefault.jpg?sqp=-oaymwEWCJADEOEBIAQqCghqEJQEGHgg6AJIWg&rs=AMzJL3kXSCDeltIjLl76YL02Sg0hFk1W7g,5:15,[],28143823,False,,Music,2015-09-27T19:30:01-07:00,2015-09-27T19:30:01-07:00,314,,249
KTEYYWxp7QE,Manzilein Apni Jagha Hain(Sharabi)+(vinu),VINU P,,https://i.ytimg.com/vi/KTEYYWxp7QE/hqdefault.jpg?sqp=-oaymwEWCMACELQBIAQqCghQEJADGFogjgJIWg&rs=AMzJL3lJDCH-fVij4kTTKD6XRuaRTn7cqA,5:34,[],9779609,False,,Music,2007-04-09T04:18:09-07:00,2007-04-09T04:18:09-07:00,334,,249
FVhIPVDxsPQ,Namak Halaal - Raat Baki Baat Baki Hona Hai Jo - Shashi Kapoor & Parveen Babi,Shemaroo,,https://i.ytimg.com/vi/FVhIPVDxsPQ/sddefault.jpg?sqp=-oaymwEWCJADEOEBIAQqCghqEJQEGHgg6AJIWg&rs=AMzJL3kAjZYrSJlbkp6yEKtxWAA-2f9WBg,6:03,[],15372498,False,,Entertainment,2009-02-20T02:48:16-08:00,2009-02-20T02:48:16-08:00,362,,249
cKWdSUUwgFY,Inteha Ho Gayi Intezaar Ki - Sharaabi 720p HD,jimmy parkar,,https://i.ytimg.com/vi/cKWdSUUwgFY/sddefault.jpg?sqp=-oaymwEWCJADEOEBIAQqCghqEJQEGHgg6AJIWg&rs=AMzJL3kDkJKJXWceoNkMfbod90mfF7INWQ,8:04,[],17961844,False,,Music,2012-03-13T12:46:21-07:00,2012-03-13T12:46:21-07:00,483,,249
IEcYHmAbznE,"Yeh Jeevan Hai Is Jeevan Ka Video Song | Piya Ka Ghar | Jaya Bachchan, Anil Dhawan | Kishore Kumar",Bollywood Classics,,https://i.ytimg.com/vi/IEcYHmAbznE/sddefault.jpg?sqp=-oaymwEWCJADEOEBIAQqCghqEJQEGHgg6AJIWg&rs=AMzJL3lfGUqQnCH4Bv-td-cZcMB0bt1UYA,3:02,[],18994529,False,,Music,2015-02-15T20:30:00-08:00,2015-02-15T20:30:00-08:00,181,,249
_w8Z_uqWNw4,Jawani Janeman Song | Parveen Babi | Shashi Kapoor | Namak Halal (1982) | Bollywood Item Songs,Shemaroo Filmi Gaane,,https://i.ytimg.com/vi/_w8Z_uqWNw4/sddefault.jpg?sqp=-oaymwEWCJADEOEBIAQqCghqEJQEGHgg6AJIWg&rs=AMzJL3kTjzef6sx_HNBYRU0kGAGfsTJV_w,5:16,[],5006535,False,,Music,2011-04-12T00:29:48-07:00,2011-04-12T00:29:48-07:00,316,,249
dO7OKASr8lc,RUK JANA NAHIN TU KAHIN HAAR KE KANTON PE (The Great Kishore Kumar) Laxmikant Pyarelal.flv,The Guroo,,https://i.ytimg.com/vi/dO7OKASr8lc/hqdefault.jpg?sqp=-oaymwEWCMACELQBIAQqCghQEJADGFogjgJIWg&rs=AMzJL3nUoECWoj3ykPBUSAKyDh03HkC-qw,4:34,[],6461270,False,,Music,2011-03-30T08:24:22-07:00,2011-03-30T08:24:22-07:00,273,,249
BZc2hrpZdo8,Kitne Bhi Tu Karle Sitam [sanam teri kasam],Namit Singh,,https://i.ytimg.com/vi/BZc2hrpZdo8/hqdefault.jpg?sqp=-oaymwEWCMACELQBIAQqCghQEJADGFogjgJIWg&rs=AMzJL3nIh2rvAPutqpqCWWpM5FAEEYBWZw,4:19,[],3948430,False,,Film & Animation,2008-11-01T12:58:32-07:00,2008-11-01T12:58:32-07:00,258,,249
-y6_cFZsMJA,"Zindagi Kaisi Hai Paheli | Manna Dey | Anand 1971 Songs । Rajesh Khanna, Amitabh Bachchan",Goldmines Gaane Sune Ansune,,https://i.ytimg.com/vi/-y6_cFZsMJA/sddefault.jpg?sqp=-oaymwEWCJADEOEBIAQqCghqEJQEGHgg6AJIWg&rs=AMzJL3lOeEno83magIIeSgNCHIrYN-VHCQ,3:58,[],10363864,False,,Music,2021-01-21T18:30:00-08:00,2021-01-21T18:30:00-08:00,238,,249
Y9iWRDRxFDg,Zindagi Ka Safar Hai Yeh Kaisa Safar Rajesh Khanna Kishore Kumar Safar Songs Sharmila Tagore   YouTu,Bhuli bisri yadein,,https://i.ytimg.com/vi/Y9iWRDRxFDg/sddefault.jpg?sqp=-oaymwEWCJADEOEBIAQqCghqEJQEGHgg6AJIWg&rs=AMzJL3nAlIwkf9ei0_EqkoRGAkhoV85Icg,3:31,[],4816984,False,,People & Blogs,2018-04-06T23:58:37-07:00,2018-04-06T23:58:37-07:00,211,,249
H60L40GbfFI,Kishor Live Pal pal dil ke paas,Soham Oza,,https://i.ytimg.com/vi/H60L40GbfFI/hqdefault.jpg?sqp=-oaymwEWCMACELQBIAQqCghQEJADGFogjgJIWg&rs=AMzJL3n6dBEWiCnf3m5Ajos8fxSKJ_HaPA,5:18,[],3759689,False,,Music,2016-06-08T06:56:50-07:00,2016-06-08T06:56:50-07:00,318,,249
-Q8mrKJ1Jps,मेरे सपनो की रानी 4K - Mere Sapno Ki Rani Song - आराधना - राजेश खन्ना - शर्मिला टैगोर - किशोर कुमार,"Jun 29, 2021",,https://i.ytimg.com/vi/-Q8mrKJ1Jps/sddefault.jpg?sqp=-oaymwEWCJADEOEBIAQqCghqEJQEGHgg6AJIWg&rs=AMzJL3m75bPnwH4RiFtBjqhiCajlU1U6YA,4:18,[],67482934,False,,Music,2021-06-29T02:11:33-07:00,2021-06-29T02:11:33-07:00,257,,249
gLKBwutnPwA,Pukarta Chala Hoon Main (Knockwell Trip Hop Mix),Knockwell,,https://i.ytimg.com/vi/gLKBwutnPwA/sddefault.jpg?sqp=-oaymwEWCJADEOEBIAQqCghqEJQEGHgg6AJIWg&rs=AMzJL3kY6KY4iZlYbkvkcmnOoc1YPNBfmw,3:50,[],14562704,False,,Music,2019-06-23T06:30:01-07:00,2019-06-23T06:30:01-07:00,229,,241
mZXtH-vGiuM,Angry Woman,Ashe,Rae,https://lh3.googleusercontent.com/IADk5iYxp_1XbcnlDFdLMWfVFTmGR8VyEx5SJ94lpbrMU9n3MJ5GD6_PKBzvWNZLc1YwdQLAKKwPDk_D=w120-h120-l90-rj,2:34,[],337032,False,,Music,2022-10-13T03:05:52-07:00,2022-10-13T03:05:52-07:00,153,,123
WkMLrMAudzk,Cake,Melanie Martinez,Cry Baby (Deluxe Edition),https://lh3.googleusercontent.com/9ys8hj9m-hI1RWl60w1pS_kJrBaIa75MjSrWCKox7XhXU8DMKr9t4Y_RrnBniHEs_aIwVGKhL5CDMkoP=w120-h120-l90-rj,3:20,[],51790908,False,,Music,2017-01-28T17:43:32-08:00,2017-01-28T17:43:32-08:00,200,,107
imTVIGpQkMM,labour (RAK session),Paris Paloma,labour (RAK session),https://lh3.googleusercontent.com/IkvfXARpcDOHeOjrHYWP5YFAtWUP2MIVBkZ0bv4kVJzn0F_IMYdv91RUHdI_PP__WL3yoHb_PbfV1ElH=w120-h120-l90-rj,4:09,[],87332,False,,Music,2023-05-25T11:03:41-07:00,2023-05-25T11:03:41-07:00,248,,248
AhDUMKzQouo,Hypnotic,Zella Day,Kicker,https://lh3.googleusercontent.com/adkiEVPr_gfstHNvmtY8XvJgOzddPs0Ok5CIP7gpI9EyXXlBpW5p0LP3jhHij2ogfa1fBjZGY48kZCs=w120-h120-l90-rj,2:57,[],8800293,False,,Music,2018-07-24T08:16:40-07:00,2018-07-24T08:16:40-07:00,177,,114
l6sK7Np2Ij8,THAT BITCH,Bea Miller,THAT BITCH,https://lh3.googleusercontent.com/QEcApowxr2_3zIxuDRuGpvSC7V2bM-B340Fa0aMJS6yKdCd0bczu22He-NrLBTSA7VDDCwegFa6To5ab=w120-h120-l90-rj,3:22,[],30596436,False,,Music,2019-10-31T03:30:32-07:00,2019-10-31T03:30:32-07:00,201,,123
bCY06viT6bg,Man's World,MARINA,Ancient Dreams in a Modern Land,https://lh3.googleusercontent.com/osIGanKSmbHgvMPviV2wqGkBUCiudqVftQkz68Vc3du4cAmCv_uykUESjLoDXy1vHKDjCa9LOtgbX6x9IA=w120-h120-l90-rj,3:28,[],3403825,False,,Music,2021-06-10T03:04:52-07:00,2021-06-10T03:04:52-07:00,207,,122
R8TA8SFZVpI,Hayloft II (SMASHUP),Mother Mother,Hayloft II (SMASHUP),https://lh3.googleusercontent.com/LEOVaxpbn5IC-t07tovhSfdfLJPKIA7L3yOVeYZyCiqoxs6VryEipjSDhJCRVLApQ87szDLxS3zRog4k=w120-h120-l90-rj,3:44,[],4188078,False,,Music,2022-05-05T03:07:47-07:00,2022-05-05T03:07:47-07:00,224,,121
eJ4TjCpwQQE,I've Had Enough,Melina KB,I've Had Enough,https://lh3.googleusercontent.com/HYEpllJmJ4bFCfmvj7681rH3gV7fpl7tKHmvDAWZo3EAJLFwV2NlC-QT67Wi3vt_yT7_eAz0rpV0D5VU=w120-h120-l90-rj,3:31,[],5113997,False,,Music,2021-03-11T02:22:34-08:00,2021-03-11T02:22:34-08:00,211,,249
xTz3ArZgpkc,Boys Will Be Boys,Dua Lipa,Future Nostalgia,https://lh3.googleusercontent.com/UpJ_IhBqyhQV9b2UGcDxxWDm14kRQ2eY1o9S96AGsbE7Ol8isbpbPA0Yefvg8S8ZGAX9L1g4xaj21zVJ=w120-h120-l90-rj,2:47,[],6702861,False,,Music,2020-10-29T16:10:58-07:00,2020-10-29T16:10:58-07:00,166,,120
oRrPuIdSZyo,Season Of The Witch,Lana Del Rey,"Season Of The Witch (From The Motion Picture ""Scary Stories To Tell In The Dark"")",https://lh3.googleusercontent.com/YgRZAFzq4Oa9LzF_WI3TnRN08z9IjIlLKngTRU1kwE1w-L1p8DuTzJelG27YXZKMOQ0yL0Bl5lO9eNVk=w120-h120-l90-rj,4:08,[],7745911,False,,Music,2019-08-08T10:29:46-07:00,2019-08-08T10:29:46-07:00,247,,123
ade2UVSLBxQ,Hayloft II,Mother Mother,Inside (Deluxe),https://lh3.googleusercontent.com/cJZoSs7q7XqWj4xWshZ4xwUnYawVe9tmkTpXJhN3kmcIJO__vG_ftBGlrcupFGVwbskx-1p08Y97JngI=w120-h120-l90-rj,3:36,[],62175993,False,,Music,2022-01-27T02:05:57-08:00,2022-01-27T02:05:57-08:00,215,,123
shg2kcAiWvk,Liquid Smooth,Mitski,Lush,https://lh3.googleusercontent.com/D7csYprliNiSnxAMZeWJzZJZq4BQlJetD3FHruqSbNHRdMjMUtiOW8gsGUKq5pUKGQQK1T1eSkk_cKo=w120-h120-l90-rj,2:50,[],10013143,False,,Music,2022-07-18T09:32:45-07:00,2022-07-18T09:32:45-07:00,170,,123
TnT32tvhY-s,Oh No!,Marina and The Diamonds,The Family Jewels,https://lh3.googleusercontent.com/RtZ2hQ7MO7dHP78_RfPsgHgpy6LVRUrtFlm_jqJsdb7YxcYXEpuP2dTjRwiPjMt-v3Pu56KP2XVt7bo=w120-h120-l90-rj,3:01,[],12923994,False,,Music,2017-01-25T12:10:09-08:00,2017-01-25T12:10:09-08:00,180,,63
JWywn51-B_I,Are You Satisfied?,Marina and The Diamonds,The Family Jewels (Deluxe),https://lh3.googleusercontent.com/wGy9wIBuhTAzcovqdEE5_jH43oMuA2LA5qeelatUL0rsl4dp4yuPNViZnvy-wsZGxQtA_jFxx_MGMG8=w120-h120-l90-rj,3:19,[],30941318,False,,Music,2021-11-07T00:42:50-07:00,2021-11-07T00:42:50-07:00,199,,122
OTkTKeAv2K8,Girls,Marina,Girls,https://lh3.googleusercontent.com/Q6i2cvi60iWZF2xbKG3MLc3tHejQRjsKKD7T4b7RuCuAb5o_QqG6PCi_YRAgfagXL0_DSgv0hIXrXQ8=w120-h120-l90-rj,1:02,[],12170,False,,Music,2022-09-24T06:16:26-07:00,2022-09-24T06:16:26-07:00,62,,245
nKuzj-AK1CY,Venus Fly Trap,MARINA,Ancient Dreams in a Modern Land,https://lh3.googleusercontent.com/osIGanKSmbHgvMPviV2wqGkBUCiudqVftQkz68Vc3du4cAmCv_uykUESjLoDXy1vHKDjCa9LOtgbX6x9IA=w120-h120-l90-rj,2:39,[],2327605,False,,Music,2021-06-10T03:06:35-07:00,2021-06-10T03:06:35-07:00,159,,122
JnMJsh_Pu7A,Burning Pile,Mother Mother,O My Heart (Extended Edition),https://lh3.googleusercontent.com/qeqdCwdxLh9SyI9XLIM3YFT3GYBI-6MRC1pkefPi9ufLgTo017dlJ4MTXxeJCqgNrA2IoMsG5o64D5A=w120-h120-l90-rj,4:23,[],3247009,False,,Music,2025-03-27T22:55:56-07:00,2025-03-27T22:55:56-07:00,262,,249
5vR6o0LFHPc,"Tag, You're It",Melanie Martinez,Cry Baby (Deluxe Edition),https://lh3.googleusercontent.com/v8Ua_iFK9ria2ZovPBnqAn4DJUL_x1_xghdDk9zVtZ3ks6unWNYMGOyNoSlD56_Rsp_UU5SzL2vQ84w=w120-h120-l90-rj,3:10,[],539763,False,,Music,2015-10-05T18:38:49-07:00,2015-10-05T18:38:49-07:00,189,,123
4CVa3z1kt3E,Pacify Her,Melanie Martinez,Cry Baby (Deluxe Edition),https://lh3.googleusercontent.com/9ys8hj9m-hI1RWl60w1pS_kJrBaIa75MjSrWCKox7XhXU8DMKr9t4Y_RrnBniHEs_aIwVGKhL5CDMkoP=w120-h120-l90-rj,3:41,[],10944122,False,,Music,2017-01-28T17:43:13-08:00,2017-01-28T17:43:13-08:00,220,,107
GRgD4lzHkFA,Michelle,Sir Chloe,Party Favors,https://lh3.googleusercontent.com/RpKOkorqYgqWNkzYyNMyp0S9OgMkRK2VBIBMocdktqKYz2hMDyyCkOEWTbBZX4C6awSiZwJ80z9xRIyBbw=w120-h120-l90-rj,3:35,[],15729575,False,,Music,2022-09-30T17:06:28-07:00,2022-09-30T17:06:28-07:00,214,,122
OHzmuRcVrgQ,Purge the Poison,MARINA,Ancient Dreams in a Modern Land,https://lh3.googleusercontent.com/osIGanKSmbHgvMPviV2wqGkBUCiudqVftQkz68Vc3du4cAmCv_uykUESjLoDXy1vHKDjCa9LOtgbX6x9IA=w120-h120-l90-rj,3:17,[],2158106,False,,Music,2021-06-10T03:07:57-07:00,2021-06-10T03:07:57-07:00,197,,122
DSV-vFa78Eg,I Feel Like A God,DeathbyRomy,Love u – to Death,https://lh3.googleusercontent.com/relPzBPxxFHaOquizRpzwoBLRmWRkEhqrEDhIzq5ppkvHnos8D5YfAxr-w2fKuo9Zd2pcEaVlKfFGwNn=w120-h120-l90-rj,3:00,[],427543,False,,Music,2019-10-24T03:05:53-07:00,2019-10-24T03:05:53-07:00,179,,123
FCGY_9OKj7s,Devil On My Shoulder,Kelsy Karter,Devil On My Shoulder,https://lh3.googleusercontent.com/-3ODP_4DE6Zrnz9hfH4gfSr1Ng0H0wqcRozL5RvW2qjAIWZC4WbvEyWCXuLYu0fRf06eK2ywOq1DcLLxIA=w120-h120-l90-rj,3:06,[],89111,False,,Music,2021-07-21T03:03:12-07:00,2021-07-21T03:03:12-07:00,186,,123
3L5nkvrOrQg,LEMONS,Brye,LEMONS,https://lh3.googleusercontent.com/15lWz7g77DQuXCDezQUHArnSXYh_CUcalmIf7ep7A9oAEpxeETML8hydN13EgFkOuLDThmDjBgSHuBys=w120-h120-l90-rj,3:53,[],4962834,False,,Music,2020-09-08T03:02:30-07:00,2020-09-08T03:02:30-07:00,233,,123
cyQwnwthufI,Ancient Dreams in a Modern Land,MARINA,Ancient Dreams in a Modern Land,https://lh3.googleusercontent.com/osIGanKSmbHgvMPviV2wqGkBUCiudqVftQkz68Vc3du4cAmCv_uykUESjLoDXy1vHKDjCa9LOtgbX6x9IA=w120-h120-l90-rj,3:27,[],9714422,False,,Music,2021-06-10T03:01:20-07:00,2021-06-10T03:01:20-07:00,206,,122
w1lo15dtFAA,Crazy Girls,TOOPOOR,Crazy Girls,https://lh3.googleusercontent.com/1k-z1xU2tva-z1BshYyIBXiFfLGQvf_Vqqzhfwco0XdHLqKULejm_61-tkFVxrzYW_Wcx7PH86lS2xit=w120-h120-l90-rj,3:15,[],13693014,False,,Music,2021-01-19T14:46:29-08:00,2021-01-19T14:46:29-08:00,195,,122
fI69eQnMIvo,Blood // Water,grandson,Blood // Water,https://lh3.googleusercontent.com/8J9JG49g5z1FLfyznjXZxjHyhzpG7MV0QGcfFJ1Eo_BLDR8zZ3s4SOnp1fKYiyKQcOE7Nja4ZpcMnS5x1g=w120-h120-l90-rj,3:37,[],189471189,False,,Music,2018-05-03T03:03:48-07:00,2018-05-03T03:03:48-07:00,217,,118
QRxEubhdTQ0,brutal,Olivia Rodrigo,SOUR,https://lh3.googleusercontent.com/-GF5jStF-HFmg6bWDY0j9vB--4F0GXBwoGgn5Pe0u3TlltUqFISBip0Y4mYbzYPjaFX97TmZVBw03o1h=w120-h120-l90-rj,2:24,[],44690730,False,,Music,2021-05-20T03:03:42-07:00,2021-05-20T03:03:42-07:00,144,,123
zcZ6J5tb9oQ,Digital Silence,Peter McPoland,Digital Silence,https://lh3.googleusercontent.com/ZdhzDP8hhubj3YF8zxTXedrgmHdlDcC76yFxWrkNI1b6LYAGY9-g9gkeR0aHVzm9hK__Gbq_-_DU-gN5=w120-h120-l90-rj,3:19,[],19463367,False,,Music,2023-04-06T03:00:46-07:00,2023-04-06T03:00:46-07:00,198,,122
FHypEgzJFlc,Angel Of Small Death & The Codeine Scene,Hozier,Hozier (Special Edition),https://lh3.googleusercontent.com/DzA6tmNob8ptuM2y_WhO0Xi52qG0yBQcQdgGISavD5215JEjbwgdLXJ7LzhDtDvpXD8gFyb02XIjv2OL=w120-h120-l90-rj,3:40,[],2630497,False,,Music,2018-08-14T10:44:38-07:00,2018-08-14T10:44:38-07:00,219,,114
LU1Yxni4K5E,Breakfast,Dove Cameron,Breakfast,https://lh3.googleusercontent.com/_Un9jF5pa96o0RR0VNtdeJf1X4cREMUXKM6xBdygaCpdXzZO-7RDQCaSo5_CjWcjRQerFfdh6BLDUQJm=w120-h120-l90-rj,2:29,[],13654296,False,,Music,2022-06-23T03:01:56-07:00,2022-06-23T03:01:56-07:00,148,,122
l_2Mqypgx0w,Devil Is A Woman,Cloudy June,Devil Is A Woman,https://lh3.googleusercontent.com/-yltlUNzyqBQpydxv2OfN_vclsg3S0H_lzLWh_8wS6idd6PuUMsLyvgBHF9bvJn8ShN6leQQSEfdFTs7=w120-h120-l90-rj,3:13,[],1530778,False,,Music,2022-12-08T02:03:25-08:00,2022-12-08T02:03:25-08:00,192,,122
55BFGxujehA,Medusa,Kaia Jette,Medusa,https://lh3.googleusercontent.com/KZp0r0HOyIgJAAINQ_ymi2jD3lGe28kJTxMk3LPxgCPYn_TDtY4ctXqj6nuhbJQGumDA3fg90kDWBRFUhg=w120-h120-l90-rj,2:37,[],630753,False,,Music,2023-11-08T06:18:48-08:00,2023-11-08T06:18:48-08:00,157,,123
